Sample,sample_source,Environment,Method,Avg_paired_reads,Bases_paired_reads,Max_paired_reads,Median_paired_reads,Min_paired_reads,Mode_paired_reads,Reads_paired_reads,Std_Dev_paired_reads,# contigs (>= 0 bp),# contigs (>= 2000 bp),# contigs (>= 5000 bp),# contigs (>= 10000 bp),# contigs (>= 25000 bp),# contigs (>= 50000 bp),Total length (>= 0 bp),Total length (>= 2000 bp),Total length (>= 5000 bp),Total length (>= 10000 bp),Total length (>= 25000 bp),Total length (>= 50000 bp),# contigs,Largest contig,Total length,N50,N90,auN,L50,L90,# N's per 100 kbp,viral scaffold no,virus no,species cluster no,genus cluster no,no of virus taxonomy info,no of virus with host prediction,lytic_scaff_no,lytic_virus_no,lysogen_scaff_no,lysogen_virus_no,int_prophage_no,checkv_low,checkv_med,checkv_high,checkv_na,sum_paired_reads_mapped_to_viral_contigs,sum_paired_reads_mapped_to_contigs_10000,100M_paired_reads,# N's per 100 kbp_norm,# contigs_norm,# contigs (>= 0 bp)_norm,# contigs (>= 10000 bp)_norm,# contigs (>= 2000 bp)_norm,# contigs (>= 25000 bp)_norm,# contigs (>= 5000 bp)_norm,# contigs (>= 50000 bp)_norm,Avg_paired_reads_norm,Bases_paired_reads_norm,L50_norm,L90_norm,Largest contig_norm,Max_paired_reads_norm,Median_paired_reads_norm,Min_paired_reads_norm,Mode_paired_reads_norm,N50_norm,N90_norm,Reads_paired_reads_norm,Std_Dev_paired_reads_norm,Total length_norm,Total length (>= 0 bp)_norm,Total length (>= 10000 bp)_norm,Total length (>= 2000 bp)_norm,Total length (>= 25000 bp)_norm,Total length (>= 5000 bp)_norm,Total length (>= 50000 bp)_norm,auN_norm,checkv_high_norm,checkv_low_norm,checkv_med_norm,checkv_na_norm,genus cluster no_norm,int_prophage_no_norm,lysogen_scaff_no_norm,lysogen_virus_no_norm,lytic_scaff_no_norm,lytic_virus_no_norm,no of virus taxonomy info_norm,no of virus with host prediction_norm,species cluster no_norm,viral scaffold no_norm,virus no_norm
SRR9161505,APC055_916,human_gut,virome,281.4,4161259362,300,300,93,300,14788544,33.3,195247,13654,3534,1489,495,190,217108812,87843191,58337795,44494048,29374791,18608150,13654,481186,87843191,10324,2483,37597,1433,9698,0,183,164,164,124,54,0,77,6,25,5,51,82,24,19,35,843299,7473888,0.14788544,0,92328.22379,1320258.438,10068.60445,92328.22379,3347.185497,23896.87585,1284.778272,1902.82424,28138397952,9689.932964,65577.78778,3253775.355,2028.597271,2028.597271,628.865154,2028.597271,69810.79408,16790.02341,100000000,225.1742971,593994858.5,1468087812,300868347.8,593994858.5,198632069.5,394479639.1,125828141,254230.572,128.4778272,554.4832541,162.2877817,236.6696816,838.486872,344.8615361,169.0497726,33.80995452,520.6732995,40.57194542,365.1475088,0,1108.966508,1237.444335,1108.966508
SRR9162904,APC055_916,human_gut,metagenome,149.8,735582373,150,150,51,150,4909488,2.7,90373,6203,1352,442,140,46,81458979,32134071,17825580,11761781,7072004,3866591,6203,237571,32134071,5859,2384,21229.3,1027,4730,0,66,65,65,58,10,0,36,0,7,1,21,41,5,2,17,77219,1195205,0.04909488,0,126347.1873,1840782.583,9002.975463,126347.1873,2851.621187,27538.51318,936.9612473,3051.23467,14982873428,20918.67828,96344.05869,4839017.836,3055.308415,3055.308415,1038.804861,3055.308415,119340.3467,48559.03508,100000000,54.99555147,654529983.6,1659215360,239572456.4,654529983.6,144047688.9,363084297.2,78757520.13,432413.7262,40.73744553,835.1176334,101.8436138,346.268287,1181.38592,427.7431781,142.5810594,20.36872277,733.2740196,0,203.6872277,0,1323.96698,1344.335703,1323.96698
SRR9161504,APC055_917,human_gut,virome,276,4720624501,300,300,94,300,17102848,35.9,170002,12035,3135,1339,476,178,193515957,77386482,51631395,39420061,26432307,16107803,12035,496893,77386482,10453,2470,34647.4,1268,8530,0,154,126,126,102,37,0,43,8,20,2,53,53,21,13,32,755959,9611588,0.17102848,0,70368.39712,993998.1926,7829.105422,70368.39712,2783.162196,18330.28043,1040.762334,1613.766315,27601394230,7413.969884,49874.73431,2905323.137,1754.093821,1754.093821,549.6160639,1754.093821,61118.47571,14442.03913,100000000,209.9065606,452477166.4,1131483815,230488284.8,452477166.4,154549154.6,301887703.1,94181992.38,202582.6342,76.01073225,309.8899084,122.7865675,187.1033409,596.3918992,309.8899084,116.9395881,11.69395881,251.4201144,46.77583523,216.3382379,0,736.7194049,900.4348282,736.7194049
SRR9162903,APC055_917,human_gut,metagenome,149.7,661566686,150,150,51,150,4418516,3.4,84992,4820,1545,614,152,63,75606946,31939177,22270022,15915970,8951144,5959624,4820,312785,31939177,9938,2585,32025.1,620,3407,0,72,70,70,60,22,0,35,1,11,0,23,42,5,3,19,74390,1428781,0.04418516,0,109086.3991,1923541.75,13896.06827,109086.3991,3440.069019,34966.49101,1425.81808,3388.015343,14972599081,14031.86047,77107.33649,7078960.447,3394.804953,3394.804953,1154.233684,3394.804953,224917.1441,58503.80535,100000000,76.94891226,722848508.4,1711138898,360210758.5,722848508.4,202582586.6,504015873.2,134878407.1,724793.1206,67.89609905,950.5453867,113.1601651,430.0086273,1357.921981,520.5367594,248.9523632,0,792.1211556,22.63203302,497.9047264,0,1584.242311,1629.506377,1584.242311
SRR9161507,APC055_918,human_gut,virome,289.2,4282250065,300,300,94,300,14808998,26.3,120975,11399,2898,1114,486,265,168572364,87215534,62057307,49993244,40570009,32648308,11399,881056,87215534,18449,2636,80547.4,630,7579,0,191,175,175,140,49,0,81,2,33,2,57,75,24,11,45,2359024,10379345,0.14808998,0,76973.47248,816901.9943,7522.453579,76973.47248,3281.788545,19569.18355,1789.452602,1952.866764,28916541585,4254.170336,51178.34441,5949463.968,2025.795398,2025.795398,634.7492248,2025.795398,124579.6643,17799.9889,100000000,177.5947299,588936091.4,1138310398,337586945.5,588936091.4,273955125.1,419051356.5,220462640.3,543908.5075,74.2791646,506.4488495,162.0636319,303.8693097,945.3711858,384.9011257,222.8374938,13.50530265,546.9647575,13.50530265,330.879915,0,1181.713982,1289.756404,1181.713982
SRR9162906,APC055_918,human_gut,metagenome,149.8,784243722,150,150,51,150,5236862,3.3,103476,4419,1000,535,223,96,89937920,31769357,22124734,18891075,13978638,9552820,4419,498610,31769357,18285,2469,54327.8,312,2977,0,65,60,60,52,6,0,26,2,8,0,24,17,6,3,33,127500,2008971,0.05236862,0,84382.594,1975916.112,10216.04159,84382.594,4258.27528,19095.40484,1833.158865,2860.491646,14975451368,5957.766311,56847.02022,9521159.809,2864.310727,2864.310727,973.865647,2864.310727,349159.4776,47146.55456,100000000,63.01483598,606648733.5,1717400993,360732725.1,606648733.5,266927751.8,422480752.8,182414965.3,1037411.335,57.28621453,324.6218823,114.5724291,630.1483598,992.9610519,458.2897162,152.7632387,0,496.4805259,38.19080969,114.5724291,0,1145.724291,1241.201315,1145.724291
SRR9161506,APC055_919,human_gut,virome,287,11431800442,300,300,92,300,39826634,29.1,316763,33147,9662,4317,1730,860,488383303,275989584,206655347,170289801,130759050,100659356,33147,849218,275989584,21194,2744,73792.6,2046,21278,0,562,515,515,406,149,0,191,16,36,7,265,236,61,40,170,1322260,26286495,0.39826634,0,83228.22361,795354.6865,10839.47993,83228.22361,4343.826797,24260.14712,2159.358986,720.6232894,28703908149,5137.26568,53426.55872,2132286.65,753.2647625,753.2647625,231.0011938,753.2647625,53215.64459,6889.861694,100000000,73.06668196,692977428.1,1226273109,427577688.3,692977428.1,328320615.8,518887302.9,252743819.6,185284.551,100.4353017,592.5682798,153.163835,426.8500321,1019.418312,665.3838735,90.3917715,17.57617779,479.5785654,40.17412067,374.1214987,0,1293.104509,1411.115988,1293.104509
SRR9162905,APC055_919,human_gut,metagenome,149.9,572949088,150,150,51,150,3821696,1.8,107349,5557,931,225,45,14,82464195,22795196,9487272,4769954,2231136,1135614,5557,213374,22795196,4080,2251,11629.3,1360,4481,0,34,33,33,30,7,0,17,1,9,0,6,11,4,3,14,106189,380987,0.03821696,0,145406.6467,2808936.137,5887.438457,145406.6467,1177.487691,24360.91201,366.329504,3922.342332,14992011086,35586.29467,117251.6077,5583227.97,3924.958971,3924.958971,1334.48605,3924.958971,106758.884,58900.55096,100000000,47.09950765,596468060.3,2157790546,124812491.6,596468060.3,58380781.73,248247689,29714922.38,304296.8358,78.49917942,287.8303245,104.6655726,366.329504,784.9917942,156.9983588,235.4975383,0,444.8286834,26.16639314,183.164752,0,863.4909736,889.6573668,863.4909736
SRR9161501,APC055_920,human_gut,virome,274.1,5451344794,300,300,93,300,19884690,36.7,108717,12960,3125,1083,361,134,146744705,73479662,44343284,30597903,19843539,11933821,12960,212525,73479662,6975,2448,25942.2,1832,9626,0,121,111,111,92,35,0,60,5,23,1,22,52,15,6,28,2046902,10698463,0.1988469,0,65175.77091,546737.2134,5446.401226,65175.77091,1815.467075,15715.60834,673.8852856,1378.447439,27414783907,9213.118233,48409.10268,1068787.092,1508.698401,1508.698401,467.6965042,1508.698401,35077.23781,12310.97895,100000000,184.5641043,369528828.5,737978339.1,153876691.1,369528828.5,99793051.84,223002138.8,60015122.19,130463.1855,30.17396801,261.5077228,75.43492003,140.8118507,462.6675095,110.6378827,115.6668774,5.028994669,301.7396801,25.14497334,176.0148134,0,558.2184082,608.5083549,558.2184082
SRR9162900,APC055_920,human_gut,metagenome,149.9,976744989,150,150,51,150,6517254,2.3,49620,5062,1829,776,281,93,65221612,39120378,29225599,21903672,14367763,7871674,5062,264923,39120378,13270,2881,31749.3,573,3431,0,58,56,56,43,9,0,23,1,13,0,19,29,2,1,23,308976,3696913,0.06517254,0,77670.74906,761363.605,11906.85525,77670.74906,4311.631862,28063.96682,1426.981364,2300.048456,14987063401,8792.046466,52644.8716,4064948.213,2301.582845,2301.582845,782.5381671,2301.582845,203613.3623,44205.7345,100000000,35.29093695,600258605.8,1000752955,336087438.1,600258605.8,220457312.2,448434248.5,120782065.6,487157.628,15.34388563,444.9726833,30.68777126,352.9093695,659.7870821,291.533827,199.4705132,0,352.9093695,15.34388563,138.0949707,0,859.2575953,889.9453666,859.2575953
SRR9161500,APC055_921,human_gut,virome,283.9,5611344160,300,300,95,300,19762252,30.7,100932,6393,1776,637,197,80,104919280,40675547,26907752,19179654,12579660,8462436,6393,600468,40675547,8823,2538,43506.6,760,4578,0,174,161,161,114,78,0,98,4,39,2,18,69,34,22,18,8193030,12500464,0.19762252,0,32349.55207,510731.2669,3223.316857,32349.55207,996.8499541,8986.830043,404.8121641,1436.577167,28394254663,3845.715559,23165.37609,3038459.382,1518.045615,1518.045615,480.7144449,1518.045615,44645.72155,12842.66591,100000000,155.346668,205824452.6,530907509.9,97051965.54,205824452.6,63654992.36,136157316.5,42821212.89,220150.0112,111.3233451,349.1504916,172.0451698,91.08273693,576.8573339,91.08273693,197.34593,10.1203041,495.894901,20.24060821,394.69186,0,814.6844803,880.466457,814.6844803
SRR9162899,APC055_921,human_gut,metagenome,149.7,576947000,150,150,51,150,3853544,3.5,65967,3348,1043,482,140,51,58747527,24756755,17927746,14004176,8836279,5734935,3348,365824,24756755,13205,2668,48154,342,2274,0,0,0,0,0,0,0,0,0,0,0,0,0,0,0,0,123917,1513225,0.03853544,0,86881.06325,1711852.778,12507.96669,86881.06325,3633.019371,27065.99432,1323.457057,3884.735713,14971854480,8874.947321,59010.61464,9493183.418,3892.520755,3892.520755,1323.457057,3892.520755,342671.5771,69234.96916,100000000,90.82548428,642441217.7,1524506454,363410304.9,642441217.7,229302662.7,465227489.3,148822356.8,1249602.963,0,0,0,0,0,0,0,0,0,0,0,0,0,0,0
SRR9161503,APC055_922,human_gut,virome,285.1,10261108753,300,300,92,300,35995818,31.3,208560,23711,6197,2056,553,189,273390320,134857892,82481117,54318573,32430987,19979061,23711,539717,134857892,7010,2474,34120.5,3635,17626,0,197,169,169,137,57,0,75,10,32,2,50,71,21,24,43,992138,24921063,0.35995818,0,65871.54097,579400.6404,5711.774629,65871.54097,1536.289577,17215.8888,525.0609946,792.0364527,28506391362,10098.39532,48966.79942,1499388.068,833.4301501,833.4301501,255.585246,833.4301501,19474.48451,6873.020638,100000000,86.95454566,374648777.3,759505784.8,150902454.8,374648777.3,90096541.21,229140832.4,55503839.36,94790.17813,66.67441201,197.2451355,58.34011051,119.4583215,380.5997686,138.905025,88.89921601,5.556201001,208.3575375,27.781005,158.3517285,0,469.4989846,547.2857986,469.4989846
SRR9162902,APC055_922,human_gut,metagenome,149.9,732262517,150,150,51,150,4884672,2,64940,3670,1219,506,153,61,61354473,28907186,21509803,16551971,11393360,8155743,3670,667905,28907186,13434,2808,75733.3,324,2445,0,0,0,0,0,0,0,0,0,0,0,0,0,0,0,0,66698,2359805,0.04884672,0,75132.98743,1329464.906,10358.93505,75132.98743,3132.24716,24955.61626,1248.804423,3068.783329,14991027381,6632.993986,50054.53795,13673487.19,3070.830549,3070.830549,1044.082387,3070.830549,275023.584,57485.94788,100000000,40.94440732,591793799.1,1256061267,338855321.3,591793799.1,233247186.3,440353067.7,166966031.7,1550427.542,0,0,0,0,0,0,0,0,0,0,0,0,0,0,0
SRR9161502,APC055_923,human_gut,virome,272.1,8677300235,300,300,92,300,31890320,39.6,327492,26248,6128,2135,671,320,373233652,155105148,96093646,69282129,48229871,35933422,26248,743441,155105148,7754,2438,45484.6,3080,19192,0,325,304,304,244,95,0,163,9,35,3,94,150,40,31,75,2522393,17094364,0.3189032,0,82307.10761,1026932.31,6694.821501,82307.10761,2104.086757,19215.86237,1003.439288,853.2369697,27209824909,9658.103149,60181.27131,2331243.462,940.7243327,940.7243327,288.4887953,940.7243327,24314.58825,7644.953077,100000000,124.1756119,486370622.8,1170366594,217251281.9,486370622.8,151236710.7,301325436.7,112678148.1,142628.2333,97.20818104,470.3621663,125.429911,235.1810832,765.1224572,294.7602909,109.7511721,9.407243327,511.1268874,28.22172998,297.8960387,0,953.2673238,1019.118027,953.2673238
SRR9162901,APC055_923,human_gut,metagenome,149.9,813919553,150,150,51,150,5430270,2.2,89526,5293,1302,453,131,44,77268804,29509444,17748364,12011504,7222668,4179958,5293,171046,29509444,6864,2432,24177,788,3950,0,85,63,63,55,13,0,36,5,4,2,16,35,8,6,14,202302,2053086,0.0543027,0,97472.13306,1648647.305,8342.126635,97472.13306,2412.403067,23976.70834,810.2727857,2760.452059,14988565081,14511.24898,72740.39781,3149861.793,2762.293588,2762.293588,939.1798198,2762.293588,126402.5546,44785.9867,100000000,40.51363928,543424986.2,1422927479,221195336.5,543424986.2,133007530,326841280.5,76975141.2,445226.4805,110.4917435,644.5351704,147.3223247,257.8140682,1012.840982,294.6446493,73.66116234,36.83058117,662.950461,92.07645292,239.3987776,0,1160.163307,1565.2997,1160.163307
SRR9161510,APC055_924,human_gut,virome,288.8,5788996410,300,300,94,300,20045896,26.1,53872,3411,1043,419,94,33,55347692,22168301,15123360,10834516,6105421,3986702,3411,406556,22168301,9508,2590,43810.2,445,2433,0,115,107,107,80,53,0,72,3,21,2,9,45,21,19,5,14067742,15523888,0.20045896,0,17015.95179,268743.2879,2090.203401,17015.95179,468.9239134,5203.060018,164.6222249,1440.693896,28878711184,2219.90576,12137.14767,2028125.857,1496.565681,1496.565681,468.9239134,1496.565681,47431.15499,12920.35038,100000000,130.2012143,110587728.3,276104854.6,54048549.39,110587728.3,30457211.79,75443671.86,19887871.31,218549.4727,94.78249313,224.4848522,104.7595977,24.94276135,399.0841816,44.89697043,104.7595977,9.977104541,359.1757635,14.96565681,264.3932703,0,533.7750929,573.6835111,533.7750929
SRR9162908,APC055_924,human_gut,metagenome,149.9,996488812,150,150,51,150,6649232,2.4,97519,6133,1763,829,303,106,96885227,44561378,31836485,25430159,17250540,10456928,6133,417114,44561378,14559,2605,43477.5,569,4168,0,87,72,72,61,13,0,32,3,3,1,33,30,7,2,33,117930,2882117,0.06649232,0,92236.21615,1466620.506,12467.60528,92236.21615,4556.91725,26514.3403,1594.169071,2254.395696,14986524940,8557.379258,62683.93102,6273115.452,2255.899629,2255.899629,767.0058738,2255.899629,218957.618,39177.45689,100000000,36.09439406,670173307.2,1457088984,382452575,670173307.2,259436578.5,478799431.3,157265200,653872.5074,30.07866172,451.1799257,105.275316,496.2979183,917.3991823,496.2979183,45.11799257,15.03933086,481.2585875,45.11799257,195.5113012,0,1082.831822,1308.421785,1082.831822
SRR9161509,APC055_925,human_gut,virome,284.1,8814172997,300,300,93,300,31026370,32,353073,30508,8066,3073,1030,459,438827777,203007486,136769003,102726301,72440764,52643512,30508,613340,203007486,10373,2539,51093.1,2953,21455,0,407,375,375,299,109,0,173,9,55,7,131,183,47,28,100,3256323,18112465,0.3102637,0,98329.25992,1137977.147,9904.478029,98329.25992,3319.75671,25997.24041,1479.386728,915.6727004,28408650438,9517.710257,69150.85458,1976834.544,966.9194301,966.9194301,299.7450233,966.9194301,33432.85083,8183.361444,100000000,103.1380725,654306275.6,1414370347,331093521.4,654306275.6,233481274.2,440815354.8,169673448.7,164676.3705,90.24581348,589.8208524,151.4840441,322.3064767,963.6963654,422.2214845,177.2685622,22.56145337,557.5902047,29.0075829,351.3140596,0,1208.649288,1311.78736,1208.649288
SRR9162907,APC055_925,human_gut,metagenome,149.8,811395411,150,150,51,150,5415050,2.6,115946,3973,782,386,160,68,87065699,25333068,16333026,13688378,10234094,7094515,3973,391920,25333068,13296,2377,48004.3,299,2807,0,49,48,48,39,14,0,25,1,5,0,17,22,7,6,11,118056,1742355,0.0541505,0,73369.59031,2141180.599,7128.281364,73369.59031,2954.728027,14441.23323,1255.759411,2766.364115,14984079759,5521.648,51837.00982,7237606.301,2770.057525,2770.057525,941.8195585,2770.057525,245537.899,43896.17824,100000000,48.01433043,467827037.6,1607846631,252783963.2,467827037.6,188993527.3,301622810.5,131014764.4,886497.8163,110.802301,406.2751036,129.2693512,203.1375518,720.2149565,313.9398528,92.33525083,0,461.6762541,18.46705017,258.5387023,0,886.418408,904.8854581,886.418408
Ga0485174,ME_2020-07-24_15m,freshwater,virome,129.9,38278409957,130,130,51,130,294613456,1.8,1119446,91246,23386,6974,982,129,1036934166,440645640,237949214,126355611,39809962,11574022,91246,948403,440645640,5501,2394,13463.5,20022,71075,0,3028,1691,1691,1204,458,0,1100,438,61,33,59,1088,243,238,109,42306039,73668608,2.94613456,0,30971.4299,379971.1036,2367.169543,30971.4299,333.3181089,7937.858751,43.78618742,44.09167245,12992756840,6796.0236,24124.83156,321914.3528,44.12561523,44.12561523,17.31081828,44.12561523,1867.19238,812.5901758,100000000,0.610970057,149567384.3,351964292.5,42888608.25,149567384.3,13512608.2,80766580.46,3928544.934,4569.886312,80.78381865,369.2974567,82.48095769,36.99763123,408.6710826,20.02624076,20.70509638,11.20111771,373.3705904,148.6693805,155.4579367,0,573.9724258,1027.787407,573.9724258
Ga0485157,ME_2020-07-24_15m,freshwater,metagenome,149.6,20585053861,150,150,51,150,137598266,4.8,681507,72709,14153,4116,870,217,850363307,325099268,155038401,87742793,40633972,18524251,72709,345138,325099268,4714,2285,14114.2,15702,57478,0,415,334,334,291,55,0,204,27,44,5,54,177,21,10,123,1343944,25732283,1.37598266,0,52841.50892,495287.4915,2991.316766,52841.50892,632.2754096,10285.74008,157.7054757,108.7223003,14960256738,11411.48101,41772.32873,250830.1958,109.0130017,109.0130017,37.06442056,109.0130017,3425.915266,1660.631392,100000000,3.488416053,236266980.3,618004377.3,63767368.26,236266980.3,29530875.05,112674676.4,13462561.37,10257.54205,7.267533444,128.635342,15.26182023,89.39066136,211.4852232,39.2446806,31.97714715,3.633766722,148.2576823,19.6223403,39.97143394,0,242.735617,301.6026379,242.735617
Ga0485175,ME_2020-07-24_23.5m,freshwater,virome,129.9,31908872350,130,130,51,130,245622090,2,1085375,81204,22799,7745,1300,222,996900003,423585910,248974369,146253606,52392769,16066899,81204,235715,423585910,6302,2443,12729.7,16137,61981,0,2810,1671,1671,1230,446,0,1130,379,65,34,63,1069,260,213,118,32639777,59178505,2.4562209,0,33060.54435,441888.1868,3153.218019,33060.54435,529.2683569,9282.145592,90.38275018,52.88612274,12991043416,6569.848828,25234.29387,95966.53135,52.92683569,52.92683569,20.76360477,52.92683569,2565.730143,994.6173815,100000000,0.814259011,172454322,405867405.1,59544158.26,172454322,21330642.13,101364811.7,6541308.642,5182.636464,86.71858464,435.2214412,105.8536714,48.04128163,500.7692916,25.64915884,26.46341785,13.84240318,460.056341,154.3020825,181.5797594,0,680.3134034,1144.03391,680.3134034
Ga0485158,ME_2020-07-24_23.5m,freshwater,metagenome,149.6,22321714686,150,150,51,150,149187596,4.7,670816,81104,18158,5765,979,163,886288456,376548304,192194208,108196609,38561469,11249014,81104,234546,376548304,5132,2324,10878.8,17385,63605,0,1265,825,825,615,234,0,551,111,80,25,58,454,114,94,132,5271319,24072828,1.49187596,0,54363.76896,449645.9612,3864.262281,54363.76896,656.2207759,12171.25317,109.2584131,100.2764332,14962178683,11653.11357,42634.24152,157215.4832,100.544552,100.544552,34.18514767,100.544552,3439.964272,1557.770259,100000000,3.150395962,252399203.5,594076504.9,72523863.85,252399203.5,25847637.49,128827203.6,7540180.485,7292.027147,63.00791924,304.314844,76.4138595,88.47920574,412.2326631,38.87722676,53.62376105,16.75742533,369.3336543,74.40296846,156.8495011,0,552.9950359,847.9257217,552.9950359
Ga0485173,ME_2020-07-24_5m,freshwater,virome,129.9,37335516976,130,130,51,130,287410402,2,1069440,67509,18536,6258,983,156,897811500,346286269,200214064,116207128,38919739,11466147,67509,222563,346286269,6135,2423,12171.8,13640,51751,0,3420,2004,2004,1467,592,0,1353,480,82,42,47,1325,327,257,77,55960691,77422862,2.87410402,0,23488.71145,372095.0921,2177.37422,23488.71145,342.0196323,6449.314246,54.27778498,45.19669403,12990315144,4745.82684,18005.9593,77437.35037,45.23148748,45.23148748,17.74466047,45.23148748,2134.578275,843.0453397,100000000,0.695869038,120484946.5,312379612.5,40432471.19,120484946.5,13541520.67,69661384.07,3989468.342,4234.989379,89.4191714,461.0132378,113.7745877,26.79095797,510.4199395,16.3529224,28.53063056,14.6132498,470.7554043,167.0085692,205.9772353,0,697.2607762,1189.936055,697.2607762
Ga0485159,ME_2020-07-24_5m,freshwater,metagenome,149.5,14147428805,150,150,51,150,94601082,5.5,517293,60776,12018,3289,501,114,659716403,264488554,121977947,63149434,23482299,10514843,60776,286184,264488554,4581,2284,11917.3,14166,48382,0,749,492,492,396,150,0,342,82,40,10,18,306,66,72,28,3121074,9095650,0.94601082,0,64244.50832,546815.0988,3476.704421,64244.50832,529.5922514,12703.87161,120.5060213,158.0320191,14954827689,14974.45875,51143.17826,302516.6245,158.5605543,158.5605543,53.91058846,158.5605543,4842.439329,2414.348707,100000000,5.813886991,279583011.5,697366657,66753395.06,279583011.5,24822442.31,128939272.6,11114928.9,12597.42463,76.10906607,323.4635308,69.7666439,29.59797014,418.5998634,19.02726652,42.28281448,10.57070362,361.5180638,86.67976969,158.5605543,0,520.0786181,791.7457012,520.0786181
Ga0485176,ME_2020-08-05_15m,freshwater,virome,129.9,34999192871,130,130,51,130,269467920,2.2,1072653,70343,18970,6727,1289,258,933734472,375757310,223106454,139538136,59537584,25189769,70343,840591,375757310,6548,2439,20618,12785,53292,0,2740,1620,1620,1177,455,0,1101,357,64,30,68,1121,218,181,86,34665442,79727110,2.6946792,0,26104.40605,398063.339,2496.401056,26104.40605,478.350076,7039.799023,95.74423553,48.20610928,12988259556,4744.535082,19776.75116,311944.7391,48.24321945,48.24321945,18.92618609,48.24321945,2429.973854,905.1170173,100000000,0.816423714,139444172.1,346510438.8,51782837.82,139444172.1,22094497.93,82795181.7,9347965.799,7651.374605,67.16940555,416.0049924,80.90016801,31.91474518,436.7866869,25.23491479,23.75050804,11.13305064,408.5829586,132.4833027,168.8512681,0,601.1847347,1016.818625,601.1847347
Ga0485161,ME_2020-08-05_15m,freshwater,metagenome,149.7,21332816636,150,150,51,150,142542116,4.5,645562,85007,17515,5258,1121,282,882315141,390633092,192510047,110349953,50363380,21936330,85007,259744,390633092,4914,2319,13261.7,18082,66831,0,695,463,463,389,78,0,287,57,51,14,54,249,38,28,142,2226815,32913695,1.42542116,0,59636.40949,452892.1123,3688.734353,59636.40949,786.4342353,12287.59646,197.8362662,105.0215924,14965974432,12685.37363,46885.09044,182222.6352,105.2320565,105.2320565,35.7788992,105.2320565,3447.40217,1626.887593,100000000,3.156961694,274047490.6,618985578.3,77415683.24,274047490.6,35332280.32,135054854.2,15389367.45,9303.706422,19.64331721,174.6852137,26.65878764,99.61968012,272.9017998,37.88354033,35.7788992,9.821658604,201.3440014,39.98818146,54.72066936,0,324.816281,487.575195,324.816281
Ga0485177,ME_2020-08-05_23.5m,freshwater,virome,129.9,34538932746,130,130,51,130,265915016,2.2,1124603,73888,19647,6385,946,112,954444294,367642972,205835091,115056542,36125937,8586261,73888,279551,367642972,5827,2401,11262.6,15564,57080,0,2558,1516,1516,1133,466,0,1070,287,66,28,65,1016,198,184,107,35124716,60335021,2.65915016,0,27786.32103,422918.2003,2401.143078,27786.32103,355.7527567,7388.450752,42.11871961,48.85019355,12988710929,5852.997786,21465.5046,105127.9481,48.88779955,48.88779955,19.17905982,48.88779955,2191.3016,902.9200517,100000000,0.827331992,138255814.8,358928317.9,43268162.79,138255814.8,13585519.74,77406343.61,3228949.282,4235.413317,69.19503937,382.0769565,74.45987932,40.23841963,426.0759761,24.44389978,24.81995977,10.5296799,402.3841963,107.929219,175.2439584,0,570.1069548,961.9614712,570.1069548
Ga0485162,ME_2020-08-05_23.5m,freshwater,metagenome,149.2,15647701782,150,150,51,150,104901578,6.7,523219,56562,11892,3563,585,103,651468969,252015683,121913156,65912904,22777447,6742261,56562,195711,252015683,4810,2295,9950.9,12727,44777,0,894,555,555,441,152,0,391,84,38,13,29,317,72,69,85,3326220,12190047,1.04901578,0,53919.11264,498771.334,3396.517067,53919.11264,557.6655863,11336.34043,98.18727417,142.2285564,14916555194,12132.32464,42684.77258,186566.3069,142.991176,142.991176,48.61699983,142.991176,4585.250376,2187.764992,100000000,6.386939194,240240125.8,621028759.9,62833091.03,240240125.8,21713159.55,116216703.6,6427225.528,9485.939287,65.77594095,302.1880186,68.63576447,81.02833305,420.3940574,27.64496069,36.22443125,12.39256858,372.730332,80.07505855,144.897725,0,529.0673511,852.2274088,529.0673511
Ga0485178,ME_2020-08-25_15m,freshwater,virome,130,37147004458,130,130,51,130,285850178,1.5,730066,63100,17949,5487,802,145,710160669,325593808,189195979,104067343,36678520,14993287,63100,1471873,325593808,6098,2456,20952.2,13152,48387,0,2139,1250,1250,921,355,0,850,220,78,42,60,839,187,117,99,23381010,86940819,2.85850178,0,22074.50086,255401.6251,1919.537024,22074.50086,280.5665561,6279.163485,50.72587361,45.47836944,12995270711,4601.011653,16927.39894,514910.6467,45.47836944,45.47836944,17.84151417,45.47836944,2133.28536,859.1913488,100000000,0.524750417,113903657.6,248438071.3,36406254.4,113903657.6,12831379.1,66187112.54,5245155.733,7329.783786,40.9305325,293.5103997,65.41888527,34.6335275,322.1967558,20.99001667,27.28702166,14.69301167,297.3585694,76.96339444,124.1909319,0,437.2920139,748.2940941,437.2920139
Ga0485164,ME_2020-08-25_15m,freshwater,metagenome,149.5,17424013840,150,150,51,150,116519824,5.1,585110,72376,14110,3772,652,168,763196049,315096354,144565667,75363037,30799328,14794844,72376,256155,315096354,4547,2290,12383.4,16834,57632,0,526,350,350,284,72,0,220,41,41,11,37,204,35,19,90,1489216,22071598,1.16519824,0,62114.75225,502154.8951,3237.217385,62114.75225,559.5614357,12109.52739,144.1814742,128.3043476,14953690490,14447.32701,49461.11144,219838.1281,128.7334591,128.7334591,43.7693761,128.7334591,3902.340258,1965.330809,100000000,4.37693761,270422957.4,654992449.2,64678296.29,270422957.4,26432693.55,124069589.2,12697276.3,10627.71945,16.30623816,175.0775044,30.03780713,77.24007547,243.7353493,31.75425325,35.18714549,9.440453669,188.8090734,35.18714549,61.79206038,0,300.3780713,451.42533,300.3780713
Ga0485179,ME_2020-08-25_23.5m,freshwater,virome,129.9,32884793618,130,130,51,130,253156966,2,692935,47696,13900,5074,1081,242,632182106,269802664,169055616,108468891,48826718,20858435,47696,426297,269802664,7273,2484,19781.4,8186,35551,0,986,653,653,527,187,0,399,88,81,20,65,415,74,57,98,17095798,83668432,2.53156966,0,18840.48492,273717.5322,2004.290097,18840.48492,427.0078035,5490.664634,95.59286629,51.31203856,12989882972,3233.566956,14043.06607,168392.3641,51.35153974,51.35153974,20.14560405,51.35153974,2872.921143,981.2094209,100000000,0.790023688,106575247.9,249719419.5,42846496.67,106575247.9,19287131.92,66778970.64,8239328.876,7813.887294,22.51567512,163.9299153,29.23087647,38.71116073,208.1712419,25.67576987,31.99595938,7.900236883,157.6097258,34.76104229,73.86721486,0,257.9427342,389.4816783,257.9427342
Ga0485165,ME_2020-08-25_23.5m,freshwater,metagenome,149.7,21583741074,150,150,51,150,144182732,4.2,768298,91859,20917,6695,1259,250,1019333208,435391237,227659987,131547050,52140016,18602259,91859,296846,435391237,5311,2331,12361.7,18984,71656,0,1165,823,823,663,217,0,569,103,66,18,67,489,80,67,179,3824118,22370836,1.44182732,0,63710.12584,532864.0881,4643.413193,63710.12584,873.1974922,14507.2851,173.3910826,103.8265803,14969712929,13166.62525,49698.04567,205881.7973,104.0346496,104.0346496,35.37178086,104.0346496,3683.52016,1616.698455,100000000,2.912970188,301971831.8,706973154,91236341.67,301971831.8,36162455.29,157896846.5,12901863.31,8573.634185,46.46881015,339.1529577,55.48514645,124.1480152,459.8331512,46.46881015,45.77524582,12.48415795,394.6381041,71.43712605,150.5034597,0,570.8034441,808.0024451,570.8034441
Ga0485180,ME_2020-09-11_15m,freshwater,virome,130,28551578872,130,130,51,130,219708280,1.5,494204,36569,10538,3590,692,194,465386873,206087638,127861513,80318579,37987072,21423405,36569,445425,206087638,7021,2500,26899.3,6331,27319,0,972,723,723,575,200,0,501,66,69,20,67,470,88,61,99,20555454,93981894,2.1970828,0,16644.34313,224936.4475,1633.984846,16644.34313,314.9630956,4796.359973,88.29890253,59.16936767,12995222061,2881.548206,12434.21504,202734.7353,59.16936767,59.16936767,23.21259809,59.16936767,3195.601003,1137.872455,100000000,0.682723473,93800578.66,211820361.5,36556919.48,93800578.66,17289777.15,58196037.49,9750840.979,12243.18901,27.76408791,213.9200216,40.05311042,45.05974923,261.7106647,30.4949818,31.40527976,9.102979642,228.02964,30.03983282,91.02979642,0,329.0727141,442.4048106,329.0727141
Ga0485166,ME_2020-09-11_15m,freshwater,metagenome,149.6,22045279481,150,150,51,150,147315932,4.6,818760,99845,20854,5850,1041,212,1072249321,446806928,215323450,114358052,45270987,17242330,99845,252111,446806928,4786,2304,11585.6,22507,78999,0,658,457,457,381,91,0,278,53,52,12,62,235,44,19,152,1675587,24706616,1.47315932,0,67776.10449,555785.1,3971.057251,67776.10449,706.6445468,14155.97058,143.9083995,101.5504555,14964626827,15278.04881,53625.56441,171136.276,101.8219808,101.8219808,34.61947347,101.8219808,3248.800001,1563.985625,100000000,3.122540745,303298443,727856998.5,77627755.84,303298443,30730543.79,146164401.3,11704321.29,7864.458272,12.8974509,159.5211033,29.86778104,103.1796072,258.6278312,42.08641873,35.29828668,8.145758464,188.7100711,35.97709988,61.77200169,0,310.2176348,446.6590891,310.2176348
Ga0485181,ME_2020-09-11_23.5m,freshwater,virome,129.9,34377328700,130,130,51,130,264598260,1.9,809054,55422,14616,4604,809,195,711658774,288178132,166468024,98371618,43200048,22671409,55422,652625,288178132,6126,2424,22734.1,10564,42304,0,1528,957,957,744,233,0,648,147,70,23,69,683,100,61,109,11314604,88644965,2.6459826,0,20945.71597,305766.9389,1739.996325,20945.71597,305.7465306,5523.845848,73.69662975,49.09329336,12992273154,3992.467675,15988.01141,246647.5025,49.1310865,49.1310865,19.27450317,49.1310865,2315.207968,916.1057975,100000000,0.718069726,108911574.9,268958221.4,37177726.72,108911574.9,16326656.12,62913499.13,8568238.128,8591.931028,23.05381751,258.1271698,37.79314346,41.19452637,281.1809874,26.07726899,26.45520042,8.692422996,244.8995696,55.55592089,88.05802427,0,361.6803829,577.4792321,361.6803829
Ga0485167,ME_2020-09-11_23.5m,freshwater,metagenome,149.8,19918642120,150,150,51,150,132972846,3.5,744375,92831,20859,6425,1163,271,1004623146,437342551,226219317,128308475,51696465,21809496,92831,278794,437342551,5233,2329,13053.6,19384,72511,0,954,673,673,542,164,0,457,92,52,15,57,402,69,52,142,2893654,19538144,1.32972846,0,69811.99756,559794.7419,4831.813557,69811.99756,874.6146563,15686.66132,203.8010076,112.6545791,14979480939,14577.41229,54530.68215,209662.3547,112.8049858,112.8049858,38.35369516,112.8049858,3935.389937,1751.485412,100000000,2.632116334,328896134.9,755509997.9,96492237.97,328896134.9,38877459.99,170124445.6,16401465.91,9816.741081,39.1057284,302.3173618,51.89029345,106.7887199,407.6020152,42.86589459,39.1057284,11.28049858,343.67919,69.18705794,123.3334511,0,506.1183695,717.4397095,506.1183695
Ga0485182,ME_2020-10-08_15m,freshwater,virome,130,37866000131,130,130,51,130,291386542,1.5,900857,68126,17375,5292,743,99,800837186,328088174,176530371,94306169,28965797,7845441,68126,376439,328088174,5469,2389,11081.7,14987,53082,0,3632,2153,2153,1558,588,0,1472,495,92,47,47,1514,325,225,74,66034182,76819628,2.91386542,0,23379.94045,309162.185,1816.144275,23379.94045,254.9877544,5962.869761,33.97548813,44.61427735,12995109476,5143.339805,18217.039,129188.8765,44.61427735,44.61427735,17.50252419,44.61427735,1876.888329,819.8731429,100000000,0.514780123,112595513.8,274836710.2,32364627.53,112595513.8,9940677.7,60582884.09,2692451.39,3803.092594,77.21701849,519.5847377,111.5356934,25.39581941,534.6849547,16.12977719,31.57318089,16.12977719,505.1708943,169.8774407,201.7938083,0,738.8810702,1246.454272,738.8810702
Ga0485168,ME_2020-10-08_15m,freshwater,metagenome,149.7,19537652597,150,150,51,150,130548130,4.7,597513,68010,13208,3488,578,147,749900129,292562678,132697253,67546064,25644416,11395101,68010,420857,292562678,4510,2279,11001.9,16073,54280,0,356,247,247,219,55,0,157,29,25,6,30,131,21,25,65,1202620,11624886,1.3054813,0,52095.72899,457695.5641,2671.811538,52095.72899,442.7485863,10117.3414,112.6021491,114.6703518,14965861707,12311.9343,41578.53506,322376.8889,114.9001522,114.9001522,39.06605173,114.9001522,3454.664575,1745.716312,100000000,3.600204767,224103308.1,574424259.5,51740353.54,224103308.1,19643648.67,101646230.4,8728658.924,8427.46656,19.15002536,100.3461329,16.0860213,49.79006593,167.7542221,22.98003043,19.15002536,4.596006086,120.2621593,22.21402942,42.13005579,0,189.2022505,272.6963611,189.2022505
Ga0485183,ME_2020-10-08_23.5m,freshwater,virome,129.9,38904728961,130,130,51,130,299383124,1.5,509310,34116,8205,2248,344,88,425546052,163976177,86640379,46314848,19094832,10713715,34116,627142,163976177,5343,2378,20263.3,7305,26582,0,582,443,443,352,101,0,284,38,75,15,31,278,66,21,77,23266580,97844764,2.99383124,0,11395.43189,170119.8094,750.8773273,11395.43189,114.9029362,2740.635441,29.39377438,43.38921923,12994963925,2440.017294,8878.923984,209478.0733,43.42262124,43.42262124,17.03502833,43.42262124,1784.669733,794.2999486,100000000,0.501030245,54771349.44,142140961.8,15470093.1,54771349.44,6378058.905,28939633.55,3578596.835,6768.350777,7.014423432,92.85760543,22.04533078,25.71955258,117.5750975,10.35462507,25.05151226,5.010302451,94.86172641,12.69276621,33.7360365,0,147.9709324,194.3997351,147.9709324
Ga0485169,ME_2020-10-08_23.5m,freshwater,metagenome,149.7,27352913795,150,150,51,150,182723730,4.2,1030218,118797,25952,7571,1235,275,1321963061,542936957,270169034,145813416,54223627,21954963,118797,465538,542936957,4969,2320,11977.8,26213,93536,0,1104,806,806,651,179,0,577,85,55,18,71,482,70,48,194,3662286,22660194,1.8272373,0,65014.54409,563811.8267,4143.413666,65014.54409,675.8837508,14202.86243,150.5004303,81.92696154,14969546536,14345.70102,51189.84819,254776.9794,82.09114383,82.09114383,27.9109889,82.09114383,2719.405958,1269.676358,100000000,2.298552027,297135438.8,723476398.5,79799934.03,297135438.8,29675197.09,147856566.9,12015386.84,6555.142017,26.26916602,263.7862088,38.30920045,106.1712127,356.2755642,38.85647474,30.10008607,9.850937259,315.7772666,46.51831484,97.9620983,0,441.1030795,604.1908186,441.1030795
Ga0485185,ME_2020-10-19_15m,freshwater,virome,129.9,39656927570,130,130,51,130,305182528,1.7,828019,66240,17553,5142,623,63,755398223,318258161,172618518,88469015,23456904,5276136,66240,264490,318258161,5490,2394,10187.9,14978,51667,0,3709,2145,2145,1583,560,0,1475,490,91,44,45,1509,319,220,85,65982636,75324080,3.05182528,0,21705.04335,271319.2677,1684.893311,21705.04335,204.1401269,5751.639884,20.64338362,42.56469099,12994494747,4907.882538,16929.86828,86666.16721,42.59745827,42.59745827,16.71131055,42.59745827,1798.92343,784.4485776,100000000,0.557043685,104284528.7,247523417.5,28988885.96,104284528.7,7686188.378,56562385.51,1728846.024,3338.29727,72.0880063,494.4581886,104.5276091,27.85218425,518.7059726,14.74527402,29.81822079,14.41760126,483.3173149,160.5596504,183.4967433,0,702.8580614,1215.338252,702.8580614
Ga0485170,ME_2020-10-19_15m,freshwater,metagenome,149.4,17449318267,150,150,51,150,116830200,6.5,492335,48976,9296,2403,343,72,581759006,205151775,89701876,43649515,14194883,5422920,48976,173936,205151775,4353,2269,9191.6,12065,39332,0,255,150,150,139,44,0,90,26,8,3,23,72,16,18,37,824351,6559652,1.168302,0,41920.66777,421410.7311,2056.831196,41920.66777,293.5884728,7956.846774,61.62790101,127.8778946,14935623038,10326.95313,33665.95281,148879.3137,128.3914604,128.3914604,43.65309655,128.3914604,3725.920182,1942.134825,100000000,5.563629952,175598240,497952589.3,37361499.85,175598240,12150011.73,76779699.08,4641710.791,7867.486318,15.40697525,61.62790101,13.69508911,31.66989357,118.9760867,19.6866906,6.847544556,2.567829209,77.03487626,22.25451981,37.66149506,0,128.3914604,218.2654827,128.3914604
Ga0485186,ME_2020-10-19_23.5m,freshwater,virome,129.9,36959685291,130,130,51,130,284466246,1.8,1155224,77204,17670,4705,607,97,956615887,346999561,170303897,82921723,24202176,7384119,77204,191948,346999561,4893,2339,9534.7,18317,61130,0,3019,1773,1773,1273,485,0,1185,428,83,45,32,1200,281,199,82,46468091,58960338,2.84466246,0,27139.95108,406102.3113,1653.974792,27139.95108,213.3820826,6211.633278,34.09894895,45.66446875,12992643525,6439.076782,21489.36855,67476.54694,45.6996223,45.6996223,17.92831336,45.6996223,1720.063476,822.2416659,100000000,0.632764001,121982683.7,336284497.9,29149934.01,121982683.7,8507925.401,59867875.15,2595780.38,3351.786067,69.95557568,421.8426674,98.78149128,28.82591561,447.504763,11.2491378,29.17745116,15.81910003,416.5696341,150.457218,170.4947447,0,623.2725411,1061.285844,623.2725411
Ga0485171,ME_2020-10-19_23.5m,freshwater,metagenome,149.5,20702011850,150,150,51,150,138490280,5.5,622324,64536,12395,3399,575,116,753465622,276587192,125342152,65000530,24169015,8712048,64536,222212,276587192,4490,2271,10153.2,15135,51537,0,400,244,244,209,63,0,159,31,11,10,33,139,25,30,48,1434956,11294531,1.3849028,0,46599.66028,449362.9445,2454.32387,46599.66028,415.1915932,8950.086605,83.76039098,107.9498142,14948350057,10928.56481,37213.44198,160453.1379,108.3108504,108.3108504,36.82568914,108.3108504,3242.104789,1639.826275,100000000,3.971397848,199715959.8,544056681.8,46935084.54,199715959.8,17451777.12,90506100.5,6290728.851,7331.344842,21.66217008,100.3680547,18.0518084,34.65947213,150.9131182,23.82838709,7.942795697,7.220723361,114.8095014,22.38424242,45.49055717,0,176.18565,288.8289344,176.18565
Ga0485184,ME_2020-10-19_5m,freshwater,virome,129.9,36030659525,130,130,51,130,277298408,1.8,861272,72415,18764,5603,772,104,807678545,348398280,187636880,98277244,29334818,7075120,72415,186858,348398280,5463,2399,10031.8,16190,56482,0,4002,2313,2313,1768,613,0,1553,578,87,51,44,1611,343,243,97,61286043,71196778,2.77298408,0,26114.46655,310593.9216,2020.566955,26114.46655,278.4004443,6766.717536,37.50472307,46.8448416,12993460649,5838.47564,20368.67085,67385.16869,46.88090384,46.88090384,18.3917392,46.88090384,1970.079828,865.132987,100000000,0.649120207,125640202,291266924.6,35440969.43,125640202,10578790.63,67666050.21,2551446.311,3617.691163,87.63122794,580.9625853,123.6934617,34.98036671,637.5802922,15.86738284,31.37414334,18.3917392,560.0464897,208.4397109,221.0614927,0,834.119466,1443.210594,834.119466
Ga0485172,ME_2020-10-19_5m,freshwater,metagenome,149.3,19451836975,150,150,51,150,130249684,6.5,545109,53364,9919,2440,314,65,638130923,219866588,93768211,43688369,13587857,5424608,53364,173975,219866588,4254,2257,9032,13438,43000,0,323,211,211,180,62,0,150,29,10,3,19,120,23,20,43,1160222,7865390,1.30249684,0,40970.54086,418510.8042,1873.325082,40970.54086,241.0754409,7615.373562,49.90415178,114.6259979,14934268075,10317.10756,33013.51579,133570.3816,115.1634272,115.1634272,39.15556524,115.1634272,3266.034795,1732.825701,100000000,4.990415178,168803932,489928960.6,33542015.35,168803932,10432161.2,71991123.6,4164776.323,6934.373829,15.35512363,92.13074175,17.65839217,33.01351579,138.1961126,14.58736744,7.677561813,2.303268544,115.1634272,22.26492926,47.60088324,0,161.9965542,247.9852466,161.9965542
ERR594385,TARA_064_DCM,marine,virome,97.6,5232792911,100,100,51,100,53606618,7.9,331051,18951,4912,1649,353,67,262014720,96978082,55417776,33094569,14081879,4375766,18951,297256,96978082,6118,2411,13242.5,3657,14520,0,1611,1115,1115,689,349,0,949,84,39,18,25,824,134,140,7,10040977,10370239,0.53606618,0,35351.97837,617556.2129,3076.112729,35351.97837,658.5007844,9163.047742,124.9845681,182.0670724,9761468091,6821.918891,27086.2079,554513.6237,186.5441315,186.5441315,95.13750709,186.5441315,11412.76997,4497.579012,100000000,14.73698639,180906920.9,488773084,61735976.33,180906920.9,26268918.89,103378609,8162734.683,24703.10662,261.1617842,1537.123644,249.9691363,13.05808921,1285.289066,46.63603289,72.7522113,33.57794368,1770.303808,156.6970705,651.0390191,0,2079.967067,3005.225959,2079.967067
ERR599023,TARA_064_DCM,marine,metagenome,97.4,12582892880,100,100,51,100,129251014,8.1,1067958,25944,4621,950,53,3,586530604,100686597,38854628,14196245,1788120,228979,25944,84837,100686597,3986,2237,6103.2,7211,21182,0,128,73,73,55,43,0,56,14,1,0,2,57,8,2,6,1307487,5709550,1.29251014,0,20072.5698,826266.6318,735.0039049,20072.5698,41.00548101,3575.213731,2.321064963,75.35724246,9735237265,5579.066482,16388.26601,65637.39608,77.36883209,77.36883209,39.45810437,77.36883209,3083.921647,1730.740774,100000000,6.2668754,77900044.17,453791878.2,10983468.96,77900044.17,1383447.56,30061371.9,177158.378,4721.97456,1.547376642,44.10023429,6.189506567,4.642129926,42.55285765,1.547376642,0.773688321,0,43.32654597,10.83163649,33.2685978,0,56.47924743,99.03210508,56.47924743
ERR594392,TARA_064_SRF,marine,virome,97.3,5828473868,100,100,51,100,59908660,8.3,349854,21108,5492,1894,498,170,300490907,127431650,81067111,56695984,36056041,25051156,21108,1833978,127431650,7918,2494,94324.7,2688,15382,0,964,695,695,420,192,0,578,45,19,9,44,477,103,73,39,5009157,17264698,0.5990866,0,35233.63734,583979.0107,3161.479492,35233.63734,831.2654631,9167.289003,283.7653187,162.4139148,9728933794,4486.830452,25675.75372,3061290.304,166.9207757,166.9207757,85.12959562,166.9207757,13216.78702,4163.004147,100000000,13.85442439,212709898.7,501581753,94637376.3,212709898.7,60185023.33,135317850.5,41815583.92,157447.5209,121.8521663,796.2121002,171.928399,65.09910253,701.0672581,73.44514132,31.71494739,15.02286982,964.8020837,75.11434908,320.4878894,0,1160.099391,1609.116278,1160.099391
ERR599150,TARA_064_SRF,marine,metagenome,99.1,29184222025,100,100,51,100,294467664,4.9,2022535,47110,7582,1472,132,6,1080002038,177872444,63744350,23097521,4544776,391946,47110,93818,177872444,3797,2218,6047.8,13408,38651,0,199,115,115,95,73,0,89,18,1,2,5,94,6,5,10,1823768,9153208,2.94467664,0,15998.36103,686844.5155,499.8851079,15998.36103,44.8266537,2574.815821,2.037575168,33.65394986,9910841017,4553.301309,13125.71964,31860.20452,33.95958614,33.95958614,17.31938893,33.95958614,1289.445486,753.2236205,100000000,1.664019721,60404745.83,366764222.4,7843822.539,60404745.83,1543387.12,21647317.45,133103.2395,2053.80785,1.697979307,31.92201097,2.037575168,3.395958614,32.26160683,1.697979307,0.339595861,0.679191723,30.22403166,6.112725505,24.79049788,0,39.05352406,67.57957641,39.05352406
ERR594382,TARA_065_DCM,marine,virome,97.5,2529211511,100,100,51,100,25929874,8.3,237472,10831,2986,1197,337,82,181667310,65906641,42852430,30566065,17508046,8712940,10831,530348,65906641,8662,2482,36016.7,1455,7861,0,761,510,510,321,199,0,422,49,12,11,16,307,83,99,17,3892859,7053632,0.25929874,0,41770.35338,915823.9643,4616.297017,41770.35338,1299.659227,11515.67493,316.2375567,376.0141681,9754044740,5611.288354,30316.38333,2045316.533,385.655557,385.655557,196.6843341,385.655557,33405.48435,9571.970924,100000000,32.00941123,254172623.4,700610076.2,117879728.2,254172623.4,67520752.32,165262777.6,33601937.29,138900.405,381.7990014,1183.96256,320.0941123,65.56144469,1237.954338,61.70488912,46.27866684,42.42211127,1627.46645,188.9712229,767.4545584,0,1966.843341,2934.838789,1966.843341
ERR599110,TARA_065_DCM,marine,metagenome,97.5,12396272499,100,100,51,100,127163904,7.8,912492,21067,3191,563,33,1,490595072,77344881,25920574,8345821,1074142,78945,21067,78945,77344881,3670,2211,5497.9,6206,17384,0,89,63,63,47,37,0,53,7,2,1,0,54,1,5,3,728687,4241160,1.27163904,0,16566.80814,717571.5524,442.7356996,16566.80814,25.95076037,2509.359889,0.786386678,76.67270108,9748263547,4880.315722,13670.54601,62081.29628,78.63866778,78.63866778,40.10572057,78.63866778,2886.039107,1738.700945,100000000,6.133816087,60822984.01,385797428.8,6563042.45,60822984.01,844690.9588,20383594.07,62081.29628,4323.475316,3.931933389,42.4648806,0.786386678,2.359160033,36.96017386,0,1.572773356,0.786386678,41.67849392,5.504706744,29.09630708,0,49.5423607,69.98841432,49.5423607
ERR594359,TARA_065_SRF,marine,virome,97.1,2699622970,100,100,51,100,27791690,9,249768,11471,2949,1031,264,60,179795018,60985652,35849031,22959356,11679119,4656602,11471,214763,60985652,6416,2404,16894,1995,8683,0,784,600,600,362,229,0,523,40,22,4,11,390,98,98,5,4425514,5941838,0.2779169,0,41274.92787,898714.6877,3709.742013,41274.92787,949.9242399,10611.08554,215.8918727,349.385014,9713777644,7178.404768,31243.15218,772759.771,359.8197879,359.8197879,183.5080918,359.8197879,23086.03759,8650.0677,100000000,32.38378091,219438443.6,646938052.3,82612306.05,219438443.6,42023781.21,128991907.3,16755375.44,60787.95496,352.6233921,1403.297173,352.6233921,17.99098939,1302.547632,39.58017666,79.16035333,14.39279151,1881.85749,143.9279151,823.9873142,0,2158.918727,2820.987137,2158.918727
ERR599146,TARA_065_SRF,marine,metagenome,98.6,9841987382,100,100,51,100,99838286,6.1,878918,22651,3745,696,61,10,479486039,86560049,31512311,11239939,2399615,771967,22651,187579,86560049,3889,2232,6593.3,6432,18549,0,163,87,87,64,61,0,68,13,1,1,4,71,6,5,5,1801829,5342705,0.99838286,0,22687.68917,880341.6357,697.1273525,22687.68917,61.09880532,3751.065999,10.01619759,98.75970827,9857929033,6442.418292,18579.04492,187882.8328,100.1619759,100.1619759,51.08260773,100.1619759,3895.299244,2235.615303,100000000,6.109880532,86700255.45,480262691,11258145,86700255.45,2403501.799,31563353.36,773217.4008,6603.97956,5.008098797,71.11500292,6.009718556,5.008098797,64.1036646,4.006479038,1.001619759,1.001619759,68.11014364,13.02105687,61.09880532,0,87.14091907,163.2640208,87.14091907
ERR594389,TARA_066_DCM,marine,virome,97.2,5495991317,100,100,51,100,56535178,8.5,299557,17498,4754,1762,507,180,259522172,112997074,75285886,55006126,36510435,25415131,17498,1073051,112997074,9447,2530,85384.1,1916,12450,0,1029,808,808,552,206,0,666,63,17,3,59,621,74,70,38,6395595,26534524,0.56535178,0,30950.64103,529859.4797,3116.643588,30950.64103,896.7867758,8408.923732,318.3858376,171.9283523,9721365549,3389.04036,22021.6871,1898023.563,176.8810209,176.8810209,90.20932065,176.8810209,16709.95004,4475.089828,100000000,15.03488677,199870378.1,459045467.2,97295397.21,199870378.1,64580030.15,133166443.7,44954543.17,151028.2677,123.8167146,1098.43114,130.8919554,67.21478793,976.3832352,104.3598023,30.06977355,5.306430626,1178.027599,111.4350432,364.374903,0,1429.198649,1820.105705,1429.198649
ERR598982,TARA_066_DCM,marine,metagenome,103.3,2374178251,105,100,51,100,22993470,5.7,396418,7251,761,154,16,0,207718916,24552893,6451053,2492635,500231,0,7251,43357,24552893,3235,2160,5177.1,2259,6070,0,42,21,21,17,18,0,16,3,1,0,1,17,3,0,1,251158,597980,0.2299347,0,31535.04017,1724046.001,669.7553697,31535.04017,69.58497347,3309.635301,0,449.257985,10325445663,9824.528442,26398.79931,188562.2309,456.6513884,434.9060842,221.8021029,434.9060842,14069.21182,9393.971419,100000000,24.7896468,106782025.5,903382203.7,10840621.27,106782025.5,2175535.054,28056021.99,0,22515.52289,0,73.93403431,13.04718253,4.349060842,73.93403431,4.349060842,4.349060842,0,69.58497347,13.04718253,78.28309516,0,91.33027768,182.6605554,91.33027768
ERR594362,TARA_066_SRF,marine,virome,97.2,5041778329,100,100,51,100,51873764,8.5,278543,15303,4447,1803,545,219,249976798,112973928,80792310,62687714,43759956,32697289,15303,992687,112973928,13218,2650,100206.5,1263,10368,0,1003,700,700,534,197,0,567,60,16,12,45,472,96,99,29,6727643,26270415,0.51873764,0,29500.46193,536963.1554,3475.745465,29500.46193,1050.627442,8572.734379,422.1787337,187.3779585,9719322332,2434.756807,19986.98224,1913659.09,192.7756775,192.7756775,98.31559553,192.7756775,25481.08905,5108.555454,100000000,16.38593259,217786255.1,481894466,120846665.4,217786255.1,84358551.66,155747923,63032420.4,193173.7593,190.8479207,909.9011978,185.0646504,55.90494648,1029.422118,86.74905488,30.8441084,23.1330813,1093.038091,115.6654065,379.7680847,0,1349.429743,1933.540045,1349.429743
ERR599173,TARA_066_SRF,marine,metagenome,98.3,7155216747,100,100,51,100,72819482,6.9,719992,22594,3713,729,75,9,419062959,86544052,31410617,11586089,2733162,518038,22594,74341,86544052,3870,2236,6287.1,6420,18498,0,110,76,76,52,53,0,66,4,1,0,5,65,4,1,6,1265454,4327339,0.72819482,0,31027.41104,988735.4046,1001.105721,31027.41104,102.9944157,5098.910206,12.35932988,134.9913475,9825964907,8816.321984,25402.54269,102089.4381,137.3258876,137.3258876,70.03620267,137.3258876,5314.51185,3070.606847,100000000,9.475486244,118847387.6,575481928,15910699.56,118847387.6,3753338.976,43134908.59,711400.2816,8633.815879,1.373258876,89.26182694,5.493035504,8.239553256,71.40946155,6.86629438,1.373258876,0,90.63508581,5.493035504,72.78272043,0,104.3676746,151.0584764,104.3676746
ERR594404,TARA_067_SRF,marine,virome,97.8,2758522111,100,100,51,100,28201526,7.8,127299,10811,3498,1377,349,94,136682382,72330794,50473805,35976872,20786526,12211525,10811,844703,72330794,9903,2647,70034.7,1396,7651,0,1352,991,991,672,334,0,823,98,39,10,21,694,141,131,12,9235845,10927368,0.28201526,0,38334.805,451390.4673,4882.714503,38334.805,1237.521686,12403.58412,333.3152965,346.7897446,9781463992,4950.086744,27129.73759,2995238.626,354.5907409,354.5907409,180.8412779,354.5907409,35115.12108,9386.016913,100000000,27.65807779,256478298.4,484663071.1,127570657,256478298.4,73707096.56,178975439.1,43300936.98,248336.5616,464.5138706,2460.859742,499.9729447,42.55088891,2382.849779,74.4640556,138.290389,35.45907409,2918.281798,347.4989261,1184.333075,0,3513.994243,4794.066818,3513.994243
ERR599144,TARA_067_SRF,marine,metagenome,103.8,3640140860,105,100,51,100,35071594,5,515770,16161,2952,713,85,9,304168528,65335903,27008660,12094317,3143953,691192,16161,118859,65335903,4176,2250,7613.8,4195,13076,0,220,59,59,54,31,0,38,18,1,2,0,37,6,15,0,1075308,2982588,0.35071594,0,46080.02704,1470620.354,2032.984301,46080.02704,242.3613823,8417.06824,25.66179342,295.9660174,10379171417,11961.24704,37283.73452,338903.9004,299.3875899,285.131038,145.4168294,285.131038,11907.07215,6415.448354,100000000,14.2565519,186292938.4,867278881,34484651.6,186292938.4,8964385.822,77010072.6,1970802.924,21709.30697,42.76965569,105.498484,17.10786228,0,153.9707605,0,2.85131038,5.702620759,108.3497944,51.32358683,88.39062177,0,168.2273124,627.2882835,168.2273124
ERR594415,TARA_068_DCM,marine,virome,97.7,4777695224,100,100,51,100,48900142,7.7,247461,17349,4942,1763,387,68,221982012,94891973,57858003,36142284,15705788,5005988,17349,178932,94891973,6790,2469,14705.1,3147,13064,0,0,0,0,0,0,0,0,0,0,0,0,0,0,0,0,,,0.48900142,0,35478.42458,506053.7452,3605.306504,35478.42458,791.4087448,10106.31012,139.0589009,199.7949208,9770309510,6435.564134,26715.66884,365913.0479,204.4983837,204.4983837,104.2941757,204.4983837,13885.44025,5049.065093,100000000,15.74637554,194052551,453949626.6,73910386.6,194052551,32118082.6,118318681,10237164.55,30071.69182,0,0,0,0,0,0,0,0,0,0,0,0,0,0,0
ERR599017,TARA_068_DCM,marine,metagenome,97.2,5043841692,100,100,51,100,51869290,8.6,473704,14719,2654,497,30,4,275361721,57171975,21769711,7368216,998798,220529,14719,60427,57171975,4014,2251,5935.4,4183,12021,0,0,0,0,0,0,0,0,0,0,0,0,0,0,0,0,,,0.5186929,0,28377.09944,913264.8625,958.177758,28377.09944,57.83769163,5116.707786,7.711692217,187.3941209,9724138680,8064.502136,23175.56304,116498.6064,192.7923054,192.7923054,98.32407577,192.7923054,7738.68314,4339.754795,100000000,16.58013827,110223168.7,530876210.2,14205353.5,110223168.7,1925605.691,41970327.72,425162.9432,11442.9945,0,0,0,0,0,0,0,0,0,0,0,0,0,0,0
ERR594391,TARA_068_SRF,marine,virome,97,5728866531,100,100,51,100,59078192,8.8,288544,23258,6725,2370,540,156,287815372,141305681,91580285,61963601,34799473,21671530,23258,844735,141305681,7922,2550,53198.4,3351,16978,0,1349,948,948,696,281,0,806,65,23,11,43,702,119,88,33,7221810,22347767,0.59078192,0,39368.16482,488410.3427,4011.632583,39368.16482,914.0428671,11383.21904,264.0568283,164.1891817,9697091832,5672.143792,28738.18481,1429859.262,169.2671976,169.2671976,86.32627078,169.2671976,13409.3474,4316.313539,100000000,14.89551339,239184166.3,487177014.5,104884051,239184166.3,58904092.73,155015382,36682791.51,90047.44086,148.9551339,1188.255727,201.4279652,55.85817521,1178.099695,72.78489497,38.93145545,18.61939174,1364.293613,110.0236784,475.6408253,0,1604.653033,2283.414496,1604.653033
ERR599174,TARA_068_SRF,marine,metagenome,96.8,5231100786,100,100,51,100,54025180,9.2,502571,15840,2950,606,35,6,297342474,62394895,24864554,9165139,1320553,441360,15840,108948,62394895,4089,2242,6468.5,4353,12893,0,31,13,13,13,2,0,7,5,0,0,1,3,0,3,7,117852,2999417,0.5402518,0,29319.66168,930253.2634,1121.699178,29319.66168,64.78460599,5460.416791,11.10593246,179.1757103,9682708667,8057.353997,23864.79786,201661.5215,185.0988743,185.0988743,94.40042588,185.0988743,7568.692969,4149.916761,100000000,17.02909643,115492248.2,550377572.1,16964569.11,115492248.2,2444328.737,46024009.55,816952.3915,11973.12068,5.552966228,5.552966228,0,12.9569212,24.06285365,1.850988743,0,0,12.9569212,9.254943713,3.701977485,0,24.06285365,57.38065102,24.06285365
ERR594407,TARA_070_MES,marine,virome,96.2,5385681234,100,100,51,100,55986950,9.9,138855,9557,4062,1902,556,233,162895111,98385709,81439799,66378119,46075915,35001344,9557,766160,98385709,21588,3470,104707.1,691,5777,0,102,101,101,80,19,0,33,1,22,0,45,41,9,5,41,922376,34856216,0.5598695,0,17070.04936,248013.1531,3397.220245,17070.04936,993.088568,7255.262164,416.1684107,171.8257558,9619529612,1234.216188,10318.476,1368461.758,178.6130518,178.6130518,91.09265641,178.6130518,38558.98562,6197.872897,100000000,17.68269213,175729717.4,290951929,118559984.1,175729717.4,82297597.92,145462110.4,62516968.69,187020.5468,8.93065259,73.23135123,16.07517466,73.23135123,142.8904414,80.37587331,39.29487139,0,58.94230709,1.786130518,33.93647984,0,180.3991823,182.1853128,180.3991823
ERR599044,TARA_070_MES,marine,metagenome,98.3,22154461164,100,100,51,100,225479488,6.6,909285,29439,6834,2409,642,231,575157778,160781729,94512354,64422413,38304889,24136117,29439,883154,160781729,6716,2388,33204.6,4379,22064,0,142,136,136,119,21,0,55,1,25,3,52,45,9,9,70,1449519,86145416,2.25479488,0,13056.17653,403267.2808,1068.389866,13056.17653,284.7265646,3030.874365,102.4483433,43.59598333,9825488500,1942.08353,9785.369035,391678.2,44.34993218,44.34993218,22.61846541,44.34993218,2978.541445,1059.07638,100000000,2.927095524,71306587.76,255082084.5,28571296.47,71306587.76,16988192.29,41916164.9,10704351.52,14726.21758,3.991493896,19.95746948,3.991493896,31.04495252,52.77641929,23.06196473,11.08748304,1.330497965,24.3924627,0.443499322,9.313485757,0,60.31590776,62.97690369,60.31590776
ERR594353,TARA_070_SRF,marine,virome,98,6111241194,100,100,51,100,62342562,7.4,330116,25209,7480,2841,727,220,320992550,153653183,100648547,69001313,37445436,20210553,25209,736853,153653183,8294,2540,30505.1,3704,18361,0,2020,1347,1347,937,394,0,1113,119,47,15,53,935,188,171,36,12953461,20952358,0.62342562,0,40436.25926,529519.4638,4557.079319,40436.25926,1166.13751,11998.22362,352.88893,157.1959779,9802678937,5941.366349,29451.78929,1181942.122,160.4040591,160.4040591,81.80607015,160.4040591,13303.91266,4074.263101,100000000,11.86990037,246465942.5,514885079.6,110680906.9,246465942.5,60063999.29,161444354.8,32418547.38,48931.41863,274.2909411,1499.777953,301.5596311,57.74546128,1502.986034,85.01415133,75.38990778,24.06060887,1785.297178,190.8808303,631.9919929,0,2160.642676,3240.161994,2160.642676
ERR599165,TARA_070_SRF,marine,metagenome,96.2,5359495119,100,100,51,100,55736308,9.8,652379,11565,2302,775,178,43,343043276,53449219,26860111,16577088,7721385,3188192,11565,169210,53449219,5041,2278,13476.4,2275,9057,0,78,39,39,36,14,0,24,4,1,3,7,18,6,4,11,402474,4369368,0.55736308,0,20749.49062,1170474.011,1390.476025,20749.49062,319.3609451,4130.162335,77.14899236,172.5984434,9615805767,4081.719945,16249.73079,303590.2557,179.4162613,179.4162613,91.50229326,179.4162613,9044.373732,4087.102432,100000000,17.58279361,95896590.42,615475420.4,29741991.52,95896590.42,13853420.29,48191406.94,5720134.889,24178.85304,7.176650452,32.29492703,10.76497568,19.73578874,64.58985407,12.55913829,1.794162613,5.382487839,43.05990271,7.176650452,25.11827658,0,69.97234191,139.9446838,69.97234191
ERR594379,TARA_072_DCM,marine,virome,98.2,6830982140,100,100,51,100,69591080,7.2,307955,21652,5883,2144,532,127,275784648,118845484,71986393,46620190,22813342,8855051,21652,205665,118845484,6800,2445,16206.1,3718,16265,0,2078,1199,1199,844,402,0,952,138,55,28,26,781,182,212,11,17246257,18118582,0.6959108,0,31113.1829,442520.7943,3080.854615,31113.1829,764.4657907,8453.669637,182.4946531,141.1100388,9815887525,5342.63874,23372.24828,295533.5655,143.6965772,143.6965772,73.28525437,143.6965772,9771.36725,3513.381313,100000000,10.34615356,170776892.7,396293099.6,66991617.32,170776892.7,32781991.6,103441982.8,12724405.2,23287.611,304.6367437,1122.270268,261.5277705,15.80662349,1212.799112,37.36111007,79.03311746,40.23504162,1367.991415,198.3012765,577.6602404,0,1722.921961,2986.014874,1722.921961
ERR599133,TARA_072_DCM,marine,metagenome,99,10597985076,100,100,51,100,107002808,5.3,1216694,35420,6866,1834,301,51,705204805,151228501,67776028,34044033,12069714,3731288,35420,142276,151228501,4471,2278,9372.9,8524,28326,0,529,402,402,305,167,0,370,19,5,0,8,354,16,14,17,6898375,13436593,1.07002808,0,33101.93504,1137067.356,1713.973712,33101.93504,281.301029,6416.654038,47.6623006,92.52093646,9904399028,7966.146085,26472.20249,132964.7349,93.45549137,93.45549137,47.6623006,93.45549137,4178.395019,2128.916093,100000000,4.953141043,141331338.7,659052615.7,31816018.32,141331338.7,11279810.53,63340420,3487093.535,8759.489751,13.08376879,330.8324395,14.95287862,15.88743353,285.0392487,7.47643931,4.672774569,0,345.7853181,17.75654336,156.0706706,0,375.6910753,494.3795494,375.6910753
ERR594388,TARA_072_MES,marine,virome,96.4,12382055919,100,100,51,100,128447474,9.7,566989,29670,7895,2938,730,230,451407046,172296415,107873568,73913458,40957468,24009670,29670,571743,172296415,7640,2459,32375.9,4344,21868,0,1760,1265,1265,872,334,0,1025,108,67,17,48,852,169,167,49,12451080,29023757,1.28447474,0,23098.93615,441417.0107,2287.316292,23098.93615,568.3256955,6146.481324,179.0615205,75.05013294,9639781565,3381.927153,17024.85796,445118.1344,77.852835,77.852835,39.70494585,77.852835,5947.956594,1914.401213,100000000,7.551724995,134137643.7,351433182.7,57543722.5,134137643.7,31886549.98,83982630.91,18692208.77,25205.55601,130.0142345,663.3061542,131.5712912,38.14788915,678.8767212,37.3693608,52.16139945,13.23498195,797.9915588,84.0810618,260.0284689,0,984.8383628,1370.209896,984.8383628
ERR599005,TARA_072_MES,marine,metagenome,98.4,7688811899,100,100,51,100,78165270,6.5,711026,14924,2535,796,200,86,390407981,70549059,34894810,23224102,14413537,10580140,14924,452936,70549059,4927,2277,34920.2,2612,11613,0,98,62,62,61,5,0,28,7,7,0,20,29,3,5,24,525157,11559755,0.7816527,0,19092.87846,909644.3983,1018.355083,19092.87846,255.8681112,3243.12831,110.0232878,125.8871107,9836608892,3341.637533,14856.98188,579459.3942,127.9340556,127.9340556,65.24636837,127.9340556,6303.310921,2913.058447,100000000,8.315713616,90256272.38,499464763.6,29711535.57,90256272.38,18439822.44,44642345.64,13535602.19,44674.82809,6.396702781,37.10087613,3.838021669,30.70417335,78.03977393,25.58681112,8.955383894,0,35.82153557,8.955383894,6.396702781,0,79.31911449,125.3753745,79.31911449
ERR594364,TARA_072_SRF,marine,virome,98,5172453997,100,100,51,100,52778402,7.4,293035,18599,4834,1683,463,147,253548074,105065191,64150052,42776485,24495452,13880376,18599,963328,105065191,6995,2459,32463.3,2857,13853,0,1139,819,819,525,213,0,715,61,18,5,20,606,108,81,16,6660683,12337840,0.52778402,0,35239.79373,555217.6438,3188.80439,35239.79373,877.2527823,9159.049567,278.5230216,185.6820144,9800323240,5413.199134,26247.47904,1825231.465,189.4714433,189.4714433,96.63043606,189.4714433,13253.52746,4659.10279,100000000,14.0208868,199068533.8,480401195.2,81049223.51,199068533.8,46411886.44,121546029.4,26299348.74,61508.68304,153.471869,1148.196946,204.6291587,30.31543092,994.7250771,37.89428865,34.10485979,9.473572163,1354.720819,115.5775804,403.5741741,0,1551.77112,2158.079739,1551.77112
ERR598984,TARA_072_SRF,marine,metagenome,98.7,18041802821,100,100,51,100,182885978,5.8,1490507,37375,5934,1337,196,53,823871148,146746490,55995901,25411220,9626228,4752902,37375,197451,146746490,3937,2230,9691.9,9884,30419,0,662,335,335,265,118,0,249,39,15,7,25,252,28,32,14,3859676,8765796,1.82885978,0,20436.23049,814992.4977,731.0565931,20436.23049,107.1706,3244.644595,28.97980511,53.96805216,9865055276,5404.460259,16632.76777,107963.9905,54.67887757,54.67887757,27.88622756,54.67887757,2152.70741,1219.33897,100000000,3.171374899,80239333.6,450483496.3,13894569.87,80239333.6,5263513.423,30617930.15,2598833.466,5299.422135,17.49724082,137.7907715,15.31008572,7.65504286,144.8990256,13.66971939,8.201831635,3.82752143,136.1504051,21.32476225,64.52107553,0,183.1742399,361.9741695,183.1742399
ERR594355,TARA_076_DCM,marine,virome,98,7677594583,100,100,51,100,78311930,7.5,371324,26487,7794,2972,840,253,356689330,172094943,115916325,83129379,51472307,31261650,26487,1323301,172094943,9253,2595,66482.1,3276,18892,0,1792,1285,1285,842,306,0,1018,105,61,19,82,907,179,144,44,9848063,29056219,0.7831193,0,33822.43293,474160.195,3795.079498,33822.43293,1072.633506,9952.506598,323.0669963,125.1405756,9803863323,4183.270672,24124.03832,1689782.132,127.6944649,127.6944649,65.12417712,127.6944649,11815.56884,3313.671365,100000000,9.577084871,219755716.7,455472531.5,106151615.7,219755716.7,65727287.02,148018731,39919396.7,84893.96188,183.8800295,1158.188797,228.5730922,56.18556457,1075.187395,104.7094613,77.89362362,24.26194834,1299.929653,134.0791882,390.7450627,0,1640.873875,2288.284812,1640.873875
ERR599148,TARA_076_DCM,marine,metagenome,97.5,12531596483,100,100,51,100,128546054,8.1,1283074,35942,8229,2223,397,111,741857565,169076908,86914739,46361846,20355431,10823181,35942,550928,169076908,5170,2350,17272.9,7762,28124,0,388,243,243,190,76,0,171,22,18,2,30,158,24,21,37,2351636,18887489,1.28546054,0,27960.40709,998143.4358,1729.341299,27960.40709,308.8387295,6401.596738,86.35037525,75.84830259,9748721251,6038.302817,21878.54012,428584.14,77.79313086,77.79313086,39.67449674,77.79313086,4021.904865,1828.138575,100000000,6.301243599,131530220.3,577114226.3,36066331.53,131530220.3,15835127.07,67613696.64,8419691.358,13437.1297,16.33655748,122.9131468,18.67035141,28.78345842,147.8069486,23.33793926,14.00276355,1.555862617,133.0262538,17.11448879,59.12277945,0,189.037308,301.8373477,189.037308
ERR594354,TARA_076_SRF,marine,virome,97.6,7044584421,100,100,51,100,72202384,8.2,276838,20470,5991,2318,736,267,276501688,136043955,92729355,67704169,44173965,28013338,20470,759515,136043955,9912,2598,47022.7,2350,14476,0,1392,1108,1108,682,267,0,938,61,34,10,65,831,127,107,37,7213994,30937068,0.72202384,0,28350.86443,383419.4727,3210.42031,28350.86443,1019.356923,8297.509955,369.7938838,135.175592,9756719973,3254.740176,20049.19948,1051925.1,138.499582,138.499582,70.6347868,138.499582,13728.07856,3598.219139,100000000,11.35696572,188420308.9,382953682,93769991.03,188420308.9,61180756.86,128429769,38798356.02,65126.24292,148.1945527,1150.931526,175.8944691,51.24484532,944.5671489,90.02472827,47.08985786,13.8499582,1299.126079,84.48474499,369.7938838,0,1534.575368,1927.914181,1534.575368
ERR599126,TARA_076_SRF,marine,metagenome,97.9,29929448507,100,100,51,100,305867322,7.4,1697370,11664,1702,303,18,0,689143051,42491903,13824484,4453883,540461,0,11664,44518,42491903,3635,2204,5350.4,3463,9637,0,57,39,39,35,18,0,28,7,3,0,1,23,7,2,7,488809,2226265,3.05867322,0,3813.418159,554936.6925,99.0625602,3813.418159,5.884904567,556.4504207,0,32.00734206,9785108233,1132.190251,3150.712517,14554.67675,32.69391426,32.69391426,16.67389627,32.69391426,1188.423783,720.5738703,100000000,2.419349655,13892266.33,225307838.2,1456148.689,13892266.33,176697.8559,4519764.946,0,1749.255188,0.653878285,7.519600279,2.288573998,2.288573998,11.44286999,0.326939143,0.980817428,0,9.154295992,2.288573998,5.884904567,0,12.75062656,18.63553113,12.75062656
ERR594411,TARA_078_SRF,marine,virome,96.5,4776891507,100,100,51,100,49513102,9.6,262123,15805,4640,1798,494,161,229296515,99724959,66413648,46943015,27391547,16235350,15805,395275,99724959,8966,2554,34372.8,2109,11369,0,1144,768,768,514,217,0,650,61,20,9,28,508,113,119,17,7509223,15858528,0.49513102,0,31920.8439,529401.2886,3631.362058,31920.8439,997.7157157,9371.256925,325.166458,194.897908,9647732245,4259.478633,22961.59913,798324.0476,201.9667441,201.9667441,103.0030395,201.9667441,18108.33827,5158.230644,100000000,19.38880743,201411252.7,463102705.6,94809278.97,201411252.7,55321815.63,134133482.5,32790007.78,69421.62501,240.3404254,1025.99106,228.2224208,34.33434649,1038.109065,56.55068834,40.39334882,18.17700697,1312.783836,123.1997139,438.2678346,0,1551.104594,2310.499552,1551.104594
ERR599006,TARA_078_SRF,marine,metagenome,97.6,28427624415,100,100,51,100,291245894,7.6,2212022,23991,3124,538,70,17,988966256,85994398,26781903,9800593,3360404,1706639,23991,227925,85994398,3500,2183,7740,7068,19867,0,175,86,86,68,40,0,65,15,3,1,2,66,10,8,2,1664614,5849858,2.91245894,0,8237.369348,759503.2396,184.7236342,8237.369348,24.0346736,1072.633148,5.83699216,33.51120205,9760695344,2426.815329,6821.383721,78258.61401,34.335248,34.335248,17.51097648,34.335248,1201.73368,749.5384639,100000000,2.609478848,29526389.82,339564016.7,3365057.912,29526389.82,1153803.047,9195632.815,585978.7331,2657.548195,2.74681984,22.66126368,3.4335248,0.68670496,23.34796864,0.68670496,1.03005744,0.34335248,22.3179112,5.1502872,13.7340992,0,29.52831328,60.086684,29.52831328
ERR594409,TARA_082_DCM,marine,virome,97.3,6460115313,100,100,51,100,66391298,8.7,142423,11650,2766,813,182,37,132690389,56161098,29769100,16630944,7588638,2628306,11650,207486,56161098,5377,2380,12577.5,2441,9071,0,736,583,583,367,175,0,516,32,28,6,1,407,82,78,6,26850962,26979221,0.66391298,0,17547.48039,214520.5837,1224.558074,17547.48039,274.1323117,4166.20865,55.73019524,146.5553513,9730364532,3676.686665,13662.93516,312519.8727,150.6221493,150.6221493,76.81729615,150.6221493,8098.952968,3584.807153,100000000,13.10412699,84591052.88,199861115.8,25049885.3,84591052.88,11430169.66,44838858.25,3958810.988,18944.50083,117.4852765,613.0321477,123.5101624,9.037328958,552.783288,1.506221493,42.17420181,9.037328958,777.2102904,48.19908778,263.5887613,0,878.1271305,1108.579019,878.1271305
ERR599122,TARA_082_DCM,marine,metagenome,97.8,28414078819,100,100,51,100,290606304,7.4,1244149,48502,12025,3877,666,151,827269418,239272397,131283883,75842360,28907867,11599756,48502,216455,239272397,5701,2372,13023.2,9842,37489,0,309,215,215,169,89,0,172,15,8,3,17,145,14,7,46,2435891,48411393,2.90606304,0,16689.93388,428121.8208,1334.107329,16689.93388,229.1760333,4137.900601,51.96033187,33.65377786,9777516326,3386.712492,12900.27074,74483.93136,34.41081581,34.41081581,17.54951606,34.41081581,1961.760609,816.224551,100000000,2.54640037,82335583.81,284670155.7,26097974.81,82335583.81,9947432.868,45175855.17,3991570.672,4481.389364,2.408757107,49.89568292,4.817514213,15.82897527,58.15427872,5.849838688,2.752865265,1.032324474,59.18660319,5.161622371,30.62562607,0,73.98325399,106.3294209,73.98325399
ERR594377,TARA_085_DCM,marine,virome,97.3,6036127731,100,100,51,100,62041300,8.3,192222,15582,4557,1605,323,68,186236957,87545017,54421398,34259797,15160164,6598199,15582,405083,87545017,7066,2506,20980.5,2754,11664,0,881,736,736,442,219,0,642,34,30,4,26,619,50,35,26,7218554,10815837,0.620413,0,25115.52788,309829.0977,2586.986411,25115.52788,520.6209412,7345.107211,109.6044087,156.8310142,9729208980,4438.978551,18800.37975,652924.7453,161.1829539,161.1829539,82.20330651,161.1829539,11389.18753,4039.244826,100000000,13.37818518,141107644.4,300182228.6,55220952.82,141107644.4,24435600.16,87718016.87,10635172.05,33816.98965,56.41403388,997.7224849,80.59147697,41.90756802,712.4286564,41.90756802,48.35488618,6.447318157,1034.794564,54.80220434,352.9906691,0,1186.306541,1420.021824,1186.306541
ERR599121,TARA_085_DCM,marine,metagenome,97.1,28000372894,100,100,51,100,288401784,8.4,1141504,43198,7465,1912,320,70,732624179,177676605,74176892,36968914,14262058,5785871,43198,244551,177676605,4176,2254,10166.2,10685,34815,0,198,148,148,112,72,0,118,9,2,3,16,109,7,1,31,1178805,24302777,2.88401784,0,14978.40943,395803.3769,662.9639989,14978.40943,110.9563178,2588.402851,24.27169452,33.66830768,9708807104,3704.900799,12071.70064,84795.24523,34.67384931,34.67384931,17.68366315,34.67384931,1447.979947,781.5485635,100000000,2.912603342,61607318.28,254029003.9,12818545.53,61607318.28,4945204.5,25719983.76,2006184.192,3525.012869,0.346738493,37.79449575,2.427169452,10.74889329,38.83471123,5.54781589,0.693476986,1.040215479,40.91514219,3.120646438,24.96517151,0,51.31729698,68.65422164,51.31729698
ERR594380,TARA_109_DCM,marine,virome,93.4,90983786,100,100,53,100,973930,13.4,15811,223,30,5,0,0,7730868,790420,244729,83618,0,0,223,21760,790420,3485,2156,5305.4,67,185,0,0,0,0,0,0,0,0,0,0,0,0,0,0,0,0,,,0.0097393,0,22896.92278,1623422.628,513.3839188,22896.92278,0,3080.303513,0,9590.011602,9341922520,6879.344511,18995.20499,2234246.814,10267.67838,10267.67838,5441.869539,10267.67838,357828.5914,221371.1458,100000000,1375.868902,81157783.41,793780661.9,8585627.304,81157783.41,0,25127986.61,0,544741.4085,0,0,0,0,0,0,0,0,0,0,0,0,0,0,0
ERR599065,TARA_109_DCM,marine,metagenome,98.7,11656012729,100,100,51,100,118120744,5.5,970057,31983,5989,1545,219,62,585422455,134496228,58643175,28885377,10159276,4956335,31983,194515,134496228,4351,2272,10103.4,7839,25666,0,0,0,0,0,0,0,0,0,0,0,0,0,0,0,0,,,1.18120744,0,27076.53111,821241.8642,1307.983634,27076.53111,185.4035054,5070.235589,52.48866363,83.55856614,9867879539,6636.429584,21728.61356,164674.7162,84.65913489,84.65913489,43.1761588,84.65913489,3683.518959,1923.455545,100000000,4.656252419,113863343.1,495613585.9,24454110.28,113863343.1,8600755.173,49646804.63,4195990.333,8553.451035,0,0,0,0,0,0,0,0,0,0,0,0,0,0,0
ERR594412,TARA_109_SRF,marine,virome,98.7,5969720678,100,100,51,100,60474498,6.2,349220,23347,6531,2515,651,196,320407418,143633903,93544195,66245712,38600176,23290729,23347,915524,143633903,8509,2528,46915.4,3121,16924,0,1886,1280,1280,843,368,0,1051,133,39,13,44,910,176,149,33,9904288,15994158,0.60474498,0,38606.35602,577466.5546,4158.777804,38606.35602,1076.486819,10799.59357,324.1035585,163.209292,9871467933,5160.853092,27985.35012,1513900.95,165.3589584,165.3589584,84.33306879,165.3589584,14070.39377,4180.274469,100000000,10.25225542,237511525.9,529822369.1,109543219.4,237511525.9,63828848.98,154683706.5,38513306.88,77578.81678,246.384848,1504.766522,291.0317668,54.56845628,1393.976019,72.7579417,64.48999378,21.49666459,1737.922653,219.9274147,608.520967,0,2116.594668,3118.669956,2116.594668
ERR599118,TARA_109_SRF,marine,metagenome,99.1,20198381333,100,100,51,100,203855086,4.9,1350861,43919,8712,2226,258,32,812679821,183239782,80644068,37107817,9303252,2073874,43919,106608,183239782,4366,2271,7763.5,11063,35313,0,329,160,160,135,52,0,124,26,2,0,8,118,14,9,17,1659815,14940687,2.03855086,0,21544.22578,662657.4919,1091.952153,21544.22578,126.5604921,4273.624059,15.69742538,48.61296421,9908205740,5426.894279,17322.59945,52295.97264,49.0544543,49.0544543,25.01777169,49.0544543,2141.717475,1114.026657,100000000,2.403668261,89887275.12,398655651.4,18203037.13,89887275.12,4563659.501,39559507.48,1017327.574,3808.34256,4.414900887,57.88425607,6.867623602,8.339257231,66.2235133,3.924356344,0.981089086,0,60.82752333,12.75415812,25.50831624,0,78.48712688,161.3891546,78.48712688
SRR8487035,B0H_L006_harvest,soil,virome,143.8,2991505945,150,150,51,150,20809892,20,294496,12449,3022,1104,288,36,211504531,64482545,36864368,23884834,11746279,2517362,12449,144803,64482545,6213,2376,14274.8,2190,9479,0,1094,892,892,671,306,0,613,50,198,25,6,572,150,101,47,6473494,6512854,0.20809892,0,59822.51133,1415173.13,5305.169292,59822.51133,1383.957207,14521.93985,172.9946508,691.0175219,14375403510,10523.84126,45550.45264,695837.345,720.8110451,720.8110451,245.0757553,720.8110451,29855.99349,11417.64695,100000000,96.10813934,309864871,1016365347,114776347.7,309864871,56445650.94,177148290.8,12096948.89,68596.22337,485.3461037,2748.692785,720.8110451,225.8541275,3224.428075,28.8324418,951.4705795,120.1351742,2945.714471,240.2703484,1470.454532,0,4286.423015,5257.115222,4286.423015
SRR8487026,B0H_L006_harvest,soil,metagenome,129,4436633769,150,150,51,150,34391070,32,550704,1803,79,10,5,0,230508248,5201396,676464,245612,174415,0,1803,41689,5201396,2687,2087,4352.7,653,1549,0,9,6,6,5,2,0,4,0,0,2,0,2,0,2,0,54344,55310,0.3439107,0,5242.640023,1601299.407,29.07731571,5242.640023,14.53865786,229.7107941,0,375.0973727,12900540079,1898.748716,4504.076204,121220.4215,436.1597357,436.1597357,148.2943101,436.1597357,7813.074731,6068.435789,100000000,93.04741027,15124263.36,670256110.1,714173.7666,15124263.36,507152.002,1966975.729,0,12656.48321,5.815463142,5.815463142,0,0,14.53865786,0,0,5.815463142,11.63092628,0,5.815463142,0,17.44638943,26.16958414,17.44638943
SRR8487010,B0H_L006_pre-planting,soil,virome,149.5,2458758295,150,150,51,150,16443562,5.7,517040,12875,2916,1068,300,43,298231735,64988915,35966312,23456806,12148825,2884951,12875,131826,64988915,5920,2348,13982.9,2277,9871,0,1057,805,805,609,278,0,544,55,173,26,7,494,146,82,42,3769526,3829189,0.16443562,0,78298.12057,3144330.894,6494.943127,78298.12057,1824.422227,17733.38404,261.5005192,909.1704097,14952710945,13847.3647,60029.57267,801687.6149,912.2111134,912.2111134,310.1517786,912.2111134,36001.93194,14279.14463,100000000,34.66402231,395224070.1,1813668687,142650394.1,395224070.1,73881954.53,218725796.8,17544562.43,85035.71185,498.6754086,3004.215267,887.8854837,255.4191117,3703.57712,42.56985196,1052.083484,158.116593,3308.285638,334.4774082,1690.631263,0,4895.532975,6428.047646,4895.532975
SRR8487024,B0H_L006_pre-planting,soil,metagenome,148.8,805081303,150,150,51,150,5409504,8.7,200794,10,0,0,0,0,68583756,24634,0,0,0,0,10,3428,24634,2315,2120,2535.5,5,9,0,0,0,0,0,0,0,0,0,0,0,0,0,0,0,0,,,0.05409504,0,184.8598319,3711874.508,0,184.8598319,0,0,0,2750.714298,14882719432,92.42991594,166.3738487,63369.95037,2772.897478,2772.897478,942.7851426,2772.897478,42795.05108,39190.28436,100000000,160.8280537,455383.7099,1267838160,0,455383.7099,0,0,0,46871.21037,0,0,0,0,0,0,0,0,0,0,0,0,0,0,0
SRR8487036,B0L_L006_harvest,soil,virome,136.2,2116897834,150,150,51,150,15537788,29,186805,8124,1930,709,160,27,133081313,41020384,22900122,14510917,6472081,1727266,8124,107876,41020384,5990,2360,13047.2,1492,6232,0,703,557,557,417,192,0,398,25,112,20,2,358,84,62,36,3582141,3597020,0.15537788,0,52285.43471,1202262.51,4563.06908,52285.43471,1029.747606,12421.3305,173.7699086,876.5726499,13624190483,9602.396429,40108.66926,694281.5798,965.3883809,965.3883809,328.2320495,965.3883809,38551.17601,15188.77719,100000000,186.6417536,264004014,856501021.9,93391137.79,264004014,41653811.98,147383411.3,11116550.18,83970.76855,399.0271974,2304.060269,540.6174933,231.6932114,2683.779699,12.87184508,720.8233244,128.7184508,2561.497171,160.8980635,1235.697128,0,3584.808854,4524.453545,3584.808854
SRR8487027,B0L_L006_harvest,soil,metagenome,132.7,4653717559,150,150,51,150,35079628,30.1,653885,1508,22,4,1,0,272316920,3970552,194015,85874,40743,0,1508,40743,3970552,2485,2067,3289.4,606,1313,0,4,3,3,3,1,0,2,1,0,0,0,1,2,0,0,8977,8977,0.35079628,0,4298.79131,1864002.093,11.40262947,4298.79131,2.850657367,62.71446208,0,378.2822326,13266154245,1727.498365,3742.913123,116144.3331,427.5986051,427.5986051,145.3835257,427.5986051,7083.883558,5892.308778,100000000,85.80478676,11318683.31,776282234.2,244797.3508,11318683.31,116144.3331,553070.2891,0,9376.952344,0,2.850657367,5.701314735,0,8.551972102,0,0,0,5.701314735,2.850657367,2.850657367,0,8.551972102,11.40262947,8.551972102
SRR8487011,B0L_L006_pre-planting,soil,virome,149.3,2193859565,150,150,51,150,14697092,7,460174,10748,2346,855,222,50,256870971,52687252,28345424,18272445,9110956,3116764,10748,152953,52687252,5566,2326,13526.2,1968,8299,0,847,724,724,559,240,0,515,35,160,12,2,467,125,59,49,2934616,2955161,0.14697092,0,73130.11309,3131054.769,5817.477362,73130.11309,1510.502894,15962.34139,340.2033545,1015.847217,14927167667,13390.40403,56466.95278,1040702.474,1020.610064,1020.610064,347.0074216,1020.610064,37871.43742,15826.26005,100000000,47.62846963,358487597.4,1747767320,124326941.7,358487597.4,61991555.88,192864166.6,21206671.36,92033.17228,401.4399583,3177.499331,850.5083863,333.3992874,3803.473503,13.60813418,1088.650734,81.64880508,3504.094551,238.1423482,1632.976102,0,4926.144573,5763.044825,4926.144573
SRR8487025,B0L_L006_pre-planting,soil,metagenome,148.8,907411955,150,150,51,150,6097410,8.7,268524,23,4,1,0,0,91859353,80678,32314,11714,0,0,23,11714,80678,3636,2079,5100.9,6,20,0,0,0,0,0,0,0,0,0,0,0,0,0,0,0,0,785,785,0.0609741,0,377.2093397,4403902.641,16.40040607,377.2093397,0,65.6016243,0,2440.380424,14881924538,98.40243644,328.0081215,192114.3568,2460.060911,2460.060911,836.4207098,2460.060911,59631.87649,34096.44423,100000000,142.6835328,1323151.961,1506530691,192114.3568,1323151.961,0,529962.7219,0,83656.83134,0,0,0,0,0,0,0,0,0,0,0,0,0,0,0
SRR8487015,B2R2H_L006_harvest,soil,virome,121.9,857219203,150,150,51,150,7030086,36.2,74956,1982,434,152,43,6,45239412,9664629,5199226,3288968,1708595,432017,1982,123280,9664629,5641,2310,13696.8,365,1531,0,151,90,90,75,39,0,62,10,11,7,0,42,23,18,4,571571,573013,0.07030086,0,28193.11172,1066217.398,2162.135712,28193.11172,611.6568133,6173.466441,85.34746232,1733.975943,12193580605,5191.970625,21777.82747,1753605.859,2133.686558,2133.686558,725.4534297,2133.686558,80240.83916,32858.77299,100000000,514.9296893,137475259.9,643511501.9,46784178.74,137475259.9,24304041.23,73956790.86,6145259.105,194831.187,256.042387,597.4322362,327.1652722,56.89830821,1066.843279,0,156.4703476,99.57203937,881.9237773,142.2457705,554.7585051,0,1280.211935,2147.911135,1280.211935
SRR8487030,B2R2H_L006_harvest,soil,metagenome,131.4,5141583142,150,150,51,150,39131696,31,708621,2258,94,7,0,0,298620701,6385360,635822,83514,0,0,2258,13482,6385360,2681,2087,3256.1,855,1946,0,0,0,0,0,0,0,0,0,0,0,0,0,0,0,0,998,5552,0.39131696,0,5770.258463,1810861.967,17.88831233,5770.258463,0,240.2144798,0,335.7891771,13139177873,2184.929577,4972.950827,34452.88955,383.3209785,383.3209785,130.3291327,383.3209785,6851.223622,5333.272547,100000000,79.21966888,16317616.29,763117195.3,213417.788,16317616.29,0,1624826.074,0,8320.876253,0,0,0,0,0,0,0,0,0,0,0,0,0,0,0
SRR8487017,B2R2H_L006_pre-planting,soil,virome,147.4,2822836655,150,150,51,150,19156360,13.4,498523,14124,3102,1121,291,62,304349232,69310363,37400331,24125887,12175311,3924826,14124,144740,69310363,5612,2327,13708.2,2583,10902,0,1113,852,852,644,297,0,577,54,183,27,11,535,143,86,47,4915414,4993754,0.1915636,0,73730.08233,2602388.972,5851.842417,73730.08233,1519.077737,16193.05547,323.6523014,769.4572455,14735767416,13483.77249,56910.60306,755571.5178,783.0297614,783.0297614,266.2301189,783.0297614,29295.75347,12147.4017,100000000,69.95065868,361813846.7,1588763377,125941916.9,361813846.7,63557539.11,195237148.4,20488370.44,71559.52383,448.9370632,2792.806149,746.4883725,245.3493252,3361.807776,57.4221825,955.2963089,140.9453571,3012.054482,281.8907141,1550.398928,0,4447.609045,5810.08083,4447.609045
SRR8487028,B2R2H_L006_pre-planting,soil,metagenome,148.2,1093020639,150,150,51,150,7376112,10.8,303215,80,0,0,0,0,108475493,189005,0,0,0,0,80,4107,189005,2296,2032,2428.5,36,71,0,0,0,0,0,0,0,0,0,0,0,0,0,0,0,0,,,0.07376112,0,1084.58223,4110770.01,0,1084.58223,0,0,0,2009.188581,14818384523,488.0620034,962.5667289,55679.74022,2033.591681,2033.591681,691.4211715,2033.591681,31127.50999,27548.38864,100000000,146.418601,2562393.304,1470632401,0,2562393.304,0,0,0,32923.84931,0,0,0,0,0,0,0,0,0,0,0,0,0,0,0
SRR8487014,B2R2L_L006_harvest,soil,virome,140.5,2456618736,150,150,51,150,17483318,24.2,244343,10151,2425,847,208,33,173192273,50980297,28286895,17648431,8253845,2018185,10151,95313,50980297,5814,2361,12789.6,1905,7799,0,835,630,630,493,210,0,431,44,129,20,6,394,104,80,34,5152291,5188844,0.17483318,0,58061.06141,1397577.965,4844.618167,58061.06141,1189.705524,13870.36488,188.7513572,803.6232024,14051215770,10896.10107,44608.23741,545165.3971,857.9607143,857.9607143,291.7066429,857.9607143,33254.55729,13504.30164,100000000,138.4176619,291593946.9,990614441.7,100944403.1,291593946.9,47209831.68,161793630.9,11543489.63,73153.16235,457.5790476,2253.57681,594.8527619,194.4710952,2819.830881,34.31842857,737.8462143,114.3947619,2465.207119,251.6684762,1201.145,0,3603.435,4775.98131,3603.435
SRR8487031,B2R2L_L006_harvest,soil,metagenome,130,3089569453,150,150,51,150,23769820,31.9,428013,616,27,10,3,2,176505165,1894693,410108,296639,156828,110057,616,57144,1894693,2671,2070,8367.7,193,523,0,10,6,6,6,1,0,4,1,1,0,0,2,1,2,1,34112,34112,0.2376982,0,2591.521518,1800657.304,42.07015451,2591.521518,12.62104635,113.5894172,8.414030901,546.9120086,12997866425,811.953982,2200.269081,240405.6909,631.0523176,631.0523176,214.557788,631.0523176,11236.93827,8708.521983,100000000,134.2037929,7971002.725,742559956.3,1247964.856,7971002.725,659777.8191,1725330.692,463011.4995,35203.04319,8.414030901,8.414030901,4.207015451,4.207015451,25.2420927,0,4.207015451,0,16.8280618,4.207015451,4.207015451,0,25.2420927,42.07015451,25.2420927
SRR8487016,B2R2L_L006_pre-planting,soil,virome,149.9,2803310564,150,150,51,150,18702634,2.6,533831,14388,3126,1072,267,56,317552602,69809624,37085568,23154990,11489928,3904735,14388,257128,69809624,5481,2324,14298,2709,11147,0,1056,809,809,641,257,0,574,57,144,33,1,481,147,93,60,4595539,4621436,0.18702634,0,76930.3404,2854309.184,5731.812963,76930.3404,1427.6064,16714.22325,299.4230652,801.4913835,14988854319,14484.59078,59601.2305,1374822.391,802.0260676,802.0260676,272.688863,802.0260676,29306.03251,12426.05721,100000000,13.90178517,373260921.4,1697903097,123806037.2,373260921.4,61434811.8,198290615.1,20877995.05,76449.12476,497.2561619,2571.830257,785.9855462,320.810427,3427.324729,5.34684045,769.9450249,176.4457349,3069.086419,304.7699057,1374.137996,0,4325.593924,5646.263516,4325.593924
SRR8487029,B2R2L_L006_pre-planting,soil,metagenome,148.6,845786310,150,150,51,150,5692398,9.5,253965,43,3,2,1,0,87433695,151037,56976,50725,29387,0,43,29387,151037,2736,2049,10501.8,9,36,0,0,0,0,0,0,0,0,0,0,0,0,0,0,0,0,3757,3757,0.05692398,0,755.3934212,4461476.517,35.13457773,755.3934212,17.56728886,52.70186659,0,2610.499125,14858172426,158.1055998,632.4223991,516249.9179,2635.09333,2635.09333,895.9317321,2635.09333,48064.10233,35995.37488,100000000,166.8892442,2653310.608,1535972977,891100.7277,2653310.608,516249.9179,1000913.85,0,184488.1542,0,0,0,0,0,0,0,0,0,0,0,0,0,0,0
SRR8487018,B3R2H_L006_harvest,soil,virome,142.9,3452589863,150,150,51,150,24168076,21.2,305114,14154,3446,1212,290,46,224329758,72057575,40450833,25275309,11619425,2828727,14154,103769,72057575,5990,2373,12947.5,2639,10835,0,1202,1014,1014,719,355,0,721,43,223,20,7,673,151,102,61,6898923,6957485,0.24168076,0,58564.86052,1262467.066,5014.87996,58564.86052,1199.930023,14258.47883,190.3337278,591.2758633,14285745638,10919.36321,44831.86829,429363.9262,620.6534604,620.6534604,211.0221765,620.6534604,24784.76152,9818.737743,100000000,87.7190224,298151888.5,928206937.1,104581386.6,298151888.5,48077575.56,167372996.5,11704394.67,53572.73785,422.0443531,2784.665192,624.7911501,252.3990739,2974.99892,28.96382815,922.7048111,82.75379472,2983.2743,177.9206586,1468.879856,0,4195.617392,4973.503062,4195.617392
SRR8487039,B3R2H_L006_harvest,soil,metagenome,131.3,4838295576,150,150,51,150,36851150,30.9,719568,4610,174,12,3,0,329786521,13079807,1250043,233259,118023,0,4610,44327,13079807,2688,2100,3535.6,1744,3972,0,10,6,6,6,1,0,3,0,1,2,0,2,3,0,0,27087,29540,0.3685115,0,12509.78599,1952633.771,32.56343425,12509.78599,8.140858562,472.1697966,0,356.2982431,13129293322,4732.552444,10778.49674,120286.6125,407.0429281,407.0429281,138.3945956,407.0429281,7294.209272,5698.600993,100000000,83.85084319,35493619.6,894915141,632976.1758,35493619.6,320269.5167,3392141.087,0,9594.273177,0,5.427239041,8.140858562,0,16.28171712,0,2.713619521,5.427239041,8.140858562,0,2.713619521,0,16.28171712,27.13619521,16.28171712
SRR8487020,B3R2H_L006_pre-planting,soil,virome,148.9,2743297694,150,150,51,150,18429292,8.9,510842,13420,2755,888,211,37,301586518,62250698,31236975,18629355,8823794,2501855,13420,246933,62250698,5030,2299,12627.5,2733,10513,0,882,699,699,544,227,0,515,41,116,23,4,456,103,74,40,3858509,3893328,0.18429292,0,72818.85815,2771902.469,4818.416247,72818.85815,1144.916473,14949.02788,200.7673436,807.9529045,14885529482,14829.65271,57045.05632,1339894.121,813.9216634,813.9216634,276.7333656,813.9216634,27293.50645,12474.70603,100000000,48.29268536,337781277.8,1636452003,101085570.7,337781277.8,47879180.6,169496337.7,13575426.55,68518.6387,401.5346873,2474.321857,558.8928755,217.0457769,2951.822566,21.70457769,629.432753,124.8013217,2794.464378,222.4719213,1231.734784,0,3792.874951,4785.859381,3792.874951
SRR8487032,B3R2H_L006_pre-planting,soil,metagenome,148.6,962321180,150,150,51,150,6475488,9.3,310083,78,5,1,0,0,110338248,218651,39768,12561,0,0,78,12561,218651,2490,2082,3667.6,29,68,0,0,0,0,0,0,0,0,0,0,0,0,0,0,0,0,692,692,0.06475488,0,1204.542422,4788565.742,15.44285157,1204.542422,0,77.21425783,0,2294.807743,14860983141,447.8426954,1050.113906,193977.6585,2316.427735,2316.427735,787.5854299,2316.427735,38452.7004,32152.01696,100000000,143.6185196,3376594.938,1703937186,193977.6585,3376594.938,0,614131.3211,0,56638.2024,0,0,0,0,0,0,0,0,0,0,0,0,0,0,0
SRR8487021,B3R2L_L006_harvest,soil,virome,139.1,2981373594,150,150,51,150,21438784,25.4,252022,10429,2546,883,218,37,177817445,53220276,30076417,18738644,8918580,2370827,10429,136882,53220276,6050,2371,13462.1,1913,7980,0,871,703,703,527,238,0,496,32,151,22,2,439,123,71,48,7222770,7267350,0.21438784,0,48645.48288,1175542.419,4118.703747,48645.48288,1016.848717,11875.67355,172.5844152,648.8241124,13906449144,8923.080712,37222.26037,638478.3764,699.6665483,699.6665483,237.8866264,699.6665483,28219.88411,11059.39591,100000000,118.4768688,248242978.7,829419453.1,87405349.11,248242978.7,41600213.89,140289752.4,11058588.96,62793.20693,331.1754995,2047.690765,573.7265696,223.8932954,2458.161806,9.32888731,704.3309919,102.6177604,2313.564053,149.262197,1110.13759,0,3279.103889,4062.730424,3279.103889
SRR8487040,B3R2L_L006_harvest,soil,metagenome,130.1,3745792394,150,150,51,150,28781472,31.5,483499,626,30,11,2,0,196468176,1799795,310830,184777,65854,0,626,40305,1799795,2604,2076,4847.4,224,538,0,11,6,6,6,2,0,1,4,1,0,0,1,4,1,0,23739,23739,0.28781472,0,2175.010368,1679896.706,38.21903202,2175.010368,6.948914913,104.2337237,0,452.0269151,13014596314,778.2784703,1869.258112,140038.0078,521.1686185,521.1686185,177.1973303,521.1686185,9047.487217,7212.97368,100000000,109.4454099,6253311.158,682620319.1,641999.8254,6253311.158,228806.9213,1079965.611,0,16842.08507,3.474457457,3.474457457,13.89782983,0,20.84674474,0,3.474457457,0,3.474457457,13.89782983,6.948914913,0,20.84674474,38.21903202,20.84674474
SRR8487034,B8R2H_L006_harvest,soil,virome,135.3,2582852582,150,150,51,150,19087484,29.8,213642,8650,2115,726,170,34,146792560,43983922,24605297,15173025,7083239,2144526,8650,138589,43983922,5891,2388,13369.9,1634,6628,0,723,584,584,453,205,0,429,30,110,13,2,384,93,61,31,4148336,4164932,0.19087484,0,45317.65423,1119277.952,3803.539534,45317.65423,890.6359791,11080.55939,178.1271958,708.8414586,13531655518,8560.583469,34724.32511,726072.6453,785.8552756,785.8552756,267.1907937,785.8552756,30863.15619,12510.81599,100000000,156.1232481,230433314.3,769051384.7,79492011.62,230433314.3,37109338.24,128908016.4,11235247.14,70045.37633,319.5811454,2011.789506,487.2302709,162.4100903,2373.282932,10.47807034,576.2938688,68.10745722,2247.546088,157.1710551,1074.00221,0,3059.59654,3787.822429,3059.59654
SRR8487012,B8R2H_L006_harvest,soil,metagenome,132,4871626908,150,150,51,150,36905406,30.8,728391,3747,209,30,2,0,319744237,11043078,1607713,486437,71734,0,3747,36036,11043078,2784,2104,3892.4,1351,3209,0,19,7,7,6,1,0,4,1,1,1,0,4,0,2,1,33710,43202,0.36905406,0,10152.98409,1973670.199,81.28890385,10152.98409,5.419260257,566.3126968,0,357.671177,13200307044,3660.710304,8695.203082,97644.23131,406.4445193,406.4445193,138.1911366,406.4445193,7543.610278,5701.06179,100000000,83.45660796,29922656.86,866388618,1318064.351,29922656.86,194372.6076,4356307.583,0,10546.96431,5.419260257,10.83852051,0,2.709630128,16.25778077,0,2.709630128,2.709630128,10.83852051,2.709630128,2.709630128,0,18.9674109,51.48297244,18.9674109
SRR8487022,B8R2H_L006_pre-planting,soil,virome,149.8,3009703747,150,150,51,150,20085462,3.1,522873,15371,3414,1193,327,55,324214695,76005637,41193190,26206961,13563165,3511335,15371,153521,76005637,5619,2341,13627.4,2813,11848,0,1163,964,964,739,302,0,661,53,220,23,7,603,161,97,59,4752279,4833094,0.20085462,0,76527.98825,2603241.09,5939.619412,76527.98825,1628.043209,16997.36854,273.8298975,745.8130662,14984488517,14005.15457,58987.93864,764338.9034,746.8088113,746.8088113,253.9149958,746.8088113,27975.45807,11655.19618,100000000,15.43404877,378411196.1,1614175940,130477262.6,378411196.1,67527274.2,205089581.7,17481972.78,67847.08263,482.9363646,3002.171421,801.5747908,293.7447991,3679.278077,34.85107786,1095.31959,114.5106844,3290.937495,263.8724466,1503.575073,0,4799.491294,5790.25765,4799.491294
SRR8487037,B8R2H_L006_pre-planting,soil,metagenome,148.7,904180793,150,150,51,150,6079778,9,247727,92,4,0,0,0,89223069,246743,34295,0,0,0,92,9584,246743,2398,2077,3345.1,36,80,0,0,0,0,0,0,0,0,0,0,0,0,0,0,0,0,,,0.06079778,0,1513.213147,4074606.014,0,1513.213147,0,65.79187595,0,2445.812989,14871937643,592.1268836,1315.837519,157637.3348,2467.195348,2467.195348,838.8464184,2467.195348,39442.22963,34162.43159,100000000,148.0317209,4058421.212,1467538272,0,4058421.212,0,564083.0965,0,55020.10106,0,0,0,0,0,0,0,0,0,0,0,0,0,0,0
SRR8487023,B8R2L_L006_harvest,soil,virome,143.3,2799856143,150,150,51,150,19538984,20.6,272576,11179,2744,985,244,42,192835831,56938867,32347955,20407041,9722276,2680351,11179,144884,56938867,6069,2367,13399.6,2039,8553,0,975,818,818,605,276,0,597,39,154,19,9,548,119,80,50,6720824,6770747,0.19538984,0,57213.82442,1395036.712,5041.20378,57213.82442,1248.785505,14043.71896,214.954882,733.4055855,14329589210,10435.54772,43774.02633,741512.4553,767.6960071,767.6960071,261.0166424,767.6960071,31060.98045,12114.24299,100000000,105.4302516,291411605.6,986928649.9,104442692.6,291411605.6,49758349.77,165555972.6,13717965.07,68578.79611,409.4378705,2804.649413,609.0388323,255.898669,3096.373895,46.06176043,788.1679006,97.24149424,3055.430108,199.6009619,1412.560653,0,4186.502225,4990.024046,4186.502225
SRR8487013,B8R2L_L006_harvest,soil,metagenome,135.9,3984243526,150,150,51,150,29312302,28.2,634580,2381,201,10,1,0,270726224,7348186,1390922,143810,40298,0,2381,40298,7348186,2963,2130,3890.9,828,2025,0,4,3,3,3,1,0,1,0,1,1,0,1,0,0,1,17957,23416,0.29312302,0,8122.869367,2164893.088,34.11536904,8122.869367,3.411536904,685.7189176,0,463.6278652,13592393822,2824.752556,6908.36223,137478.1141,511.7305355,511.7305355,173.9883821,511.7305355,10108.38385,7266.573604,100000000,96.20534068,25068607.71,923592503.9,490613.1221,25068607.71,137478.1141,4745181.733,0,13273.94894,0,3.411536904,0,3.411536904,10.23461071,0,3.411536904,3.411536904,3.411536904,0,3.411536904,0,10.23461071,13.64614761,10.23461071
SRR8487019,B8R2L_L006_pre-planting,soil,virome,149.9,2609385311,150,150,51,150,17407778,2.5,484287,14476,3175,1113,294,56,298661458,71430730,38594096,24697367,12621039,3843881,14476,180260,71430730,5649,2324,14304.7,2632,11158,0,1100,882,882,666,289,0,628,51,173,26,4,571,137,97,42,4435906,4493788,0.17407778,0,83158.22961,2782015.028,6393.69367,83158.22961,1688.900215,18238.97341,321.695279,861.1093271,14989766707,15119.67811,64097.78434,1035514.125,861.683783,861.683783,292.9724862,861.683783,32451.01127,13350.35408,100000000,14.36139638,410338011,1715678233,141875470.8,410338011,72502297.54,221706044.3,22081399.48,82174.18673,557.2221796,3280.142934,787.0045218,241.2714592,3825.875996,22.97823421,993.8086297,149.3585224,3607.582771,292.9724862,1660.177422,0,5066.700644,6319.014408,5066.700644
SRR8487038,B8R2L_L006_pre-planting,soil,metagenome,148.6,1190293359,150,150,51,150,8011630,9.6,344549,153,6,0,0,0,126716281,403866,35330,0,0,0,153,6834,403866,2463,2076,2908,62,134,0,0,0,0,0,0,0,0,0,0,0,0,0,0,0,0,,,0.0801163,0,1909.723739,4300610.488,0,1909.723739,0,74.89112702,0,1854.803579,14857068524,773.8749792,1672.568504,85300.99368,1872.278176,1872.278176,636.5745797,1872.278176,30742.80764,25912.32995,100000000,119.8258032,5040996.651,1581654183,0,5040996.651,0,440983.9196,0,36297.2329,0,0,0,0,0,0,0,0,0,0,0,0,0,0,0