"","Sample","Sample source","Environment","Method","Average read length","Total bases","Total read pairs","Number of contigs (>= 0 bp)","Number of contigs (>= 2000 bp)","Number of contigs (>= 5000 bp)","Number of contigs (>= 10000 bp)","Number of contigs (>= 25000 bp)","Number of contigs (>= 50000 bp)","Total length (>= 0 bp)","Total length (>= 2000 bp)","Total length (>= 5000 bp)","Total length (>= 10000 bp)","Total length (>= 25000 bp)","Total length (>= 50000 bp)","Number of contigs","Total length","N50","N90","L50","L90","Number of viral contigs","Number of VMAGs","Number of species clusters","Number of genus clusters","Number of VMAGs with taxonomy information","Number of predicted lytic VMAGs","Number of predicted lysogenic VMAGs","Number of predicted integrated prophage VMAGs","Number of CheckV low-quality VMAGs","Number of CheckV medium-quality VMAGs","Number of CheckV high-quality VMAGs","Number of CheckV not-determined"
"1","SRR9161505","APC055_916","Human gut","Virome",281.4,4161259362,14788544,195247,13654,3534,1489,495,190,217108812,87843191,58337795,44494048,29374791,18608150,13654,87843191,10324,2483,1433,9698,183,164,147,124,54,83,30,51,82,24,19,35
"2","SRR9162904","APC055_916","Human gut","Mixed MG",149.8,735582373,4909488,90373,6203,1352,442,140,46,81458979,32134071,17825580,11761781,7072004,3866591,6203,32134071,5859,2384,1027,4730,66,65,48,58,10,36,8,21,41,5,2,17
"3","SRR9161504","APC055_917","Human gut","Virome",276,4720624501,17102848,170002,12035,3135,1339,476,178,193515957,77386482,51631395,39420061,26432307,16107803,12035,77386482,10453,2470,1268,8530,154,126,107,102,37,51,22,53,53,21,13,32
"4","SRR9162903","APC055_917","Human gut","Mixed MG",149.7,661566686,4418516,84992,4820,1545,614,152,63,75606946,31939177,22270022,15915970,8951144,5959624,4820,31939177,9938,2585,620,3407,72,70,56,60,22,36,11,23,42,5,3,19
"5","SRR9161507","APC055_918","Human gut","Virome",289.2,4282250065,14808998,120975,11399,2898,1114,486,265,168572364,87215534,62057307,49993244,40570009,32648308,11399,87215534,18449,2636,630,7579,191,175,146,140,49,83,35,57,75,24,11,45
"6","SRR9162906","APC055_918","Human gut","Mixed MG",149.8,784243722,5236862,103476,4419,1000,535,223,96,89937920,31769357,22124734,18891075,13978638,9552820,4419,31769357,18285,2469,312,2977,65,60,42,52,6,28,8,24,17,6,3,33
"7","SRR9161506","APC055_919","Human gut","Virome",287,11431800442,39826634,316763,33147,9662,4317,1730,860,488383303,275989584,206655347,170289801,130759050,100659356,33147,275989584,21194,2744,2046,21278,562,515,419,406,149,207,43,265,236,61,40,170
"8","SRR9162905","APC055_919","Human gut","Mixed MG",149.9,572949088,3821696,107349,5557,931,225,45,14,82464195,22795196,9487272,4769954,2231136,1135614,5557,22795196,4080,2251,1360,4481,34,33,28,30,7,18,9,6,11,4,3,14
"9","SRR9161501","APC055_920","Human gut","Virome",274.1,5451344794,19884690,108717,12960,3125,1083,361,134,146744705,73479662,44343284,30597903,19843539,11933821,12960,73479662,6975,2448,1832,9626,121,111,96,92,35,65,24,22,52,15,6,28
"10","SRR9162900","APC055_920","Human gut","Mixed MG",149.9,976744989,6517254,49620,5062,1829,776,281,93,65221612,39120378,29225599,21903672,14367763,7871674,5062,39120378,13270,2881,573,3431,58,56,44,43,9,24,13,19,29,2,1,23
"11","SRR9161500","APC055_921","Human gut","Virome",283.9,5611344160,19762252,100932,6393,1776,637,197,80,104919280,40675547,26907752,19179654,12579660,8462436,6393,40675547,8823,2538,760,4578,174,161,150,114,78,102,41,18,69,34,22,18
"12","SRR9162899","APC055_921","Human gut","Mixed MG",149.7,576947000,3853544,65967,3348,1043,482,140,51,58747527,24756755,17927746,14004176,8836279,5734935,3348,24756755,13205,2668,342,2274,0,0,0,0,0,0,0,0,0,0,0,0
"13","SRR9161503","APC055_922","Human gut","Virome",285.1,10261108753,35995818,208560,23711,6197,2056,553,189,273390320,134857892,82481117,54318573,32430987,19979061,23711,134857892,7010,2474,3635,17626,197,169,151,137,57,85,34,50,71,21,24,43
"14","SRR9162902","APC055_922","Human gut","Mixed MG",149.9,732262517,4884672,64940,3670,1219,506,153,61,61354473,28907186,21509803,16551971,11393360,8155743,3670,28907186,13434,2808,324,2445,0,0,0,0,0,0,0,0,0,0,0,0
"15","SRR9161502","APC055_923","Human gut","Virome",272.1,8677300235,31890320,327492,26248,6128,2135,671,320,373233652,155105148,96093646,69282129,48229871,35933422,26248,155105148,7754,2438,3080,19192,325,304,269,244,95,172,38,94,150,40,31,75
"16","SRR9162901","APC055_923","Human gut","Mixed MG",149.9,813919553,5430270,89526,5293,1302,453,131,44,77268804,29509444,17748364,12011504,7222668,4179958,5293,29509444,6864,2432,788,3950,85,63,42,55,13,41,6,16,35,8,6,14
"17","SRR9161510","APC055_924","Human gut","Virome",288.8,5788996410,20045896,53872,3411,1043,419,94,33,55347692,22168301,15123360,10834516,6105421,3986702,3411,22168301,9508,2590,445,2433,115,107,103,80,53,75,23,9,45,21,19,5
"18","SRR9162908","APC055_924","Human gut","Mixed MG",149.9,996488812,6649232,97519,6133,1763,829,303,106,96885227,44561378,31836485,25430159,17250540,10456928,6133,44561378,14559,2605,569,4168,87,72,61,61,13,35,4,33,30,7,2,33
"19","SRR9161509","APC055_925","Human gut","Virome",284.1,8814172997,31026370,353073,30508,8066,3073,1030,459,438827777,203007486,136769003,102726301,72440764,52643512,30508,203007486,10373,2539,2953,21455,407,375,326,299,109,182,62,131,183,47,28,100
"20","SRR9162907","APC055_925","Human gut","Mixed MG",149.8,811395411,5415050,115946,3973,782,386,160,68,87065699,25333068,16333026,13688378,10234094,7094515,3973,25333068,13296,2377,299,2807,49,48,36,39,14,26,5,17,22,7,6,11
"21","Ga0485174","ME_2020-07-24_15m","Freshwater","Virome",129.9,38278409957,294613456,1119446,91246,23386,6974,982,129,1036934166,440645640,237949214,126355611,39809962,11574022,91246,440645640,5501,2394,20022,71075,3028,1691,1575,1204,458,1538,94,59,1088,243,238,109
"22","Ga0485157","ME_2020-07-24_15m","Freshwater","Mixed MG",149.6,20585053861,137598266,681507,72709,14153,4116,870,217,850363307,325099268,155038401,87742793,40633972,18524251,72709,325099268,4714,2285,15702,57478,415,334,280,291,55,231,49,54,177,21,10,123
"23","Ga0485175","ME_2020-07-24_23.5m","Freshwater","Virome",129.9,31908872350,245622090,1085375,81204,22799,7745,1300,222,996900003,423585910,248974369,146253606,52392769,16066899,81204,423585910,6302,2443,16137,61981,2810,1671,1542,1230,446,1509,99,63,1069,260,213,118
"24","Ga0485158","ME_2020-07-24_23.5m","Freshwater","Mixed MG",149.6,22321714686,149187596,670816,81104,18158,5765,979,163,886288456,376548304,192194208,108196609,38561469,11249014,81104,376548304,5132,2324,17385,63605,1265,825,686,615,234,662,105,58,454,114,94,132
"25","Ga0485173","ME_2020-07-24_5m","Freshwater","Virome",129.9,37335516976,287410402,1069440,67509,18536,6258,983,156,897811500,346286269,200214064,116207128,38919739,11466147,67509,346286269,6135,2423,13640,51751,3420,2004,1933,1467,592,1833,124,47,1325,327,257,77
"26","Ga0485159","ME_2020-07-24_5m","Freshwater","Mixed MG",149.5,14147428805,94601082,517293,60776,12018,3289,501,114,659716403,264488554,121977947,63149434,23482299,10514843,60776,264488554,4581,2284,14166,48382,749,492,467,396,150,424,50,18,306,66,72,28
"27","Ga0485176","ME_2020-08-05_15m","Freshwater","Virome",129.9,34999192871,269467920,1072653,70343,18970,6727,1289,258,933734472,375757310,223106454,139538136,59537584,25189769,70343,375757310,6548,2439,12785,53292,2740,1620,1492,1177,455,1458,94,68,1121,218,181,86
"28","Ga0485161","ME_2020-08-05_15m","Freshwater","Mixed MG",149.7,21332816636,142542116,645562,85007,17515,5258,1121,282,882315141,390633092,192510047,110349953,50363380,21936330,85007,390633092,4914,2319,18082,66831,695,463,371,389,78,344,65,54,249,38,28,142
"29","Ga0485177","ME_2020-08-05_23.5m","Freshwater","Virome",129.9,34538932746,265915016,1124603,73888,19647,6385,946,112,954444294,367642972,205835091,115056542,36125937,8586261,73888,367642972,5827,2401,15564,57080,2558,1516,1388,1133,466,1357,94,65,1016,198,184,107
"30","Ga0485162","ME_2020-08-05_23.5m","Freshwater","Mixed MG",149.2,15647701782,104901578,523219,56562,11892,3563,585,103,651468969,252015683,121913156,65912904,22777447,6742261,56562,252015683,4810,2295,12727,44777,894,555,431,441,152,475,51,29,317,72,69,85
"31","Ga0485178","ME_2020-08-25_15m","Freshwater","Virome",130,37147004458,285850178,730066,63100,17949,5487,802,145,710160669,325593808,189195979,104067343,36678520,14993287,63100,325593808,6098,2456,13152,48387,2139,1250,1120,921,355,1070,120,60,839,187,117,99
"32","Ga0485164","ME_2020-08-25_15m","Freshwater","Mixed MG",149.5,17424013840,116519824,585110,72376,14110,3772,652,168,763196049,315096354,144565667,75363037,30799328,14794844,72376,315096354,4547,2290,16834,57632,526,350,271,284,72,261,52,37,204,35,19,90
"33","Ga0485179","ME_2020-08-25_23.5m","Freshwater","Virome",129.9,32884793618,253156966,692935,47696,13900,5074,1081,242,632182106,269802664,169055616,108468891,48826718,20858435,47696,269802664,7273,2484,8186,35551,986,653,580,527,187,487,101,65,415,74,57,98
"34","Ga0485165","ME_2020-08-25_23.5m","Freshwater","Mixed MG",149.7,21583741074,144182732,768298,91859,20917,6695,1259,250,1019333208,435391237,227659987,131547050,52140016,18602259,91859,435391237,5311,2331,18984,71656,1165,823,679,663,217,672,84,67,489,80,67,179
"35","Ga0485180","ME_2020-09-11_15m","Freshwater","Virome",130,28551578872,219708280,494204,36569,10538,3590,692,194,465386873,206087638,127861513,80318579,37987072,21423405,36569,206087638,7021,2500,6331,27319,972,723,628,575,200,567,89,67,470,88,61,99
"36","Ga0485166","ME_2020-09-11_15m","Freshwater","Mixed MG",149.6,22045279481,147315932,818760,99845,20854,5850,1041,212,1072249321,446806928,215323450,114358052,45270987,17242330,99845,446806928,4786,2304,22507,78999,658,457,352,381,91,331,64,62,235,44,19,152
"37","Ga0485181","ME_2020-09-11_23.5m","Freshwater","Virome",129.9,34377328700,264598260,809054,55422,14616,4604,809,195,711658774,288178132,166468024,98371618,43200048,22671409,55422,288178132,6126,2424,10564,42304,1528,957,856,744,233,795,93,69,683,100,61,109
"38","Ga0485167","ME_2020-09-11_23.5m","Freshwater","Mixed MG",149.8,19918642120,132972846,744375,92831,20859,6425,1163,271,1004623146,437342551,226219317,128308475,51696465,21809496,92831,437342551,5233,2329,19384,72511,954,673,543,542,164,549,67,57,402,69,52,142
"39","Ga0485182","ME_2020-10-08_15m","Freshwater","Virome",130,37866000131,291386542,900857,68126,17375,5292,743,99,800837186,328088174,176530371,94306169,28965797,7845441,68126,328088174,5469,2389,14987,53082,3632,2153,2032,1558,588,1967,139,47,1514,325,225,74
"40","Ga0485168","ME_2020-10-08_15m","Freshwater","Mixed MG",149.7,19537652597,130548130,597513,68010,13208,3488,578,147,749900129,292562678,132697253,67546064,25644416,11395101,68010,292562678,4510,2279,16073,54280,356,247,210,219,55,186,31,30,131,21,25,65
"41","Ga0485183","ME_2020-10-08_23.5m","Freshwater","Virome",129.9,38904728961,299383124,509310,34116,8205,2248,344,88,425546052,163976177,86640379,46314848,19094832,10713715,34116,163976177,5343,2378,7305,26582,582,443,401,352,101,322,90,31,278,66,21,77
"42","Ga0485169","ME_2020-10-08_23.5m","Freshwater","Mixed MG",149.7,27352913795,182723730,1030218,118797,25952,7571,1235,275,1321963061,542936957,270169034,145813416,54223627,21954963,118797,542936957,4969,2320,26213,93536,1104,806,663,651,179,662,73,71,482,70,48,194
"43","Ga0485185","ME_2020-10-19_15m","Freshwater","Virome",129.9,39656927570,305182528,828019,66240,17553,5142,623,63,755398223,318258161,172618518,88469015,23456904,5276136,66240,318258161,5490,2394,14978,51667,3709,2145,1981,1583,560,1965,135,45,1509,319,220,85
"44","Ga0485170","ME_2020-10-19_15m","Freshwater","Mixed MG",149.4,17449318267,116830200,492335,48976,9296,2403,343,72,581759006,205151775,89701876,43649515,14194883,5422920,48976,205151775,4353,2269,12065,39332,255,150,120,139,44,116,11,23,72,16,18,37
"45","Ga0485186","ME_2020-10-19_23.5m","Freshwater","Virome",129.9,36959685291,284466246,1155224,77204,17670,4705,607,97,956615887,346999561,170303897,82921723,24202176,7384119,77204,346999561,4893,2339,18317,61130,3019,1773,1651,1273,485,1613,128,32,1200,281,199,82
"46","Ga0485171","ME_2020-10-19_23.5m","Freshwater","Mixed MG",149.5,20702011850,138490280,622324,64536,12395,3399,575,116,753465622,276587192,125342152,65000530,24169015,8712048,64536,276587192,4490,2271,15135,51537,400,244,200,209,63,190,21,33,139,25,30,48
"47","Ga0485184","ME_2020-10-19_5m","Freshwater","Virome",129.9,36030659525,277298408,861272,72415,18764,5603,772,104,807678545,348398280,187636880,98277244,29334818,7075120,72415,348398280,5463,2399,16190,56482,4002,2313,2147,1768,613,2131,138,44,1611,343,243,97
"48","Ga0485172","ME_2020-10-19_5m","Freshwater","Mixed MG",149.3,19451836975,130249684,545109,53364,9919,2440,314,65,638130923,219866588,93768211,43688369,13587857,5424608,53364,219866588,4254,2257,13438,43000,323,211,162,180,62,179,13,19,120,23,20,43
"49","ERR594385","TARA_064_DCM","Marine","Virome",97.6,5232792911,53606618,331051,18951,4912,1649,353,67,262014720,96978082,55417776,33094569,14081879,4375766,18951,96978082,6118,2411,3657,14520,1611,1115,1068,689,349,1033,57,25,824,134,140,7
"50","ERR599023","TARA_064_DCM","Marine","Mixed MG",97.4,12582892880,129251014,1067958,25944,4621,950,53,3,586530604,100686597,38854628,14196245,1788120,228979,25944,100686597,3986,2237,7211,21182,128,73,70,55,43,70,1,2,57,8,2,6
"51","ERR594392","TARA_064_SRF","Marine","Virome",97.3,5828473868,59908660,349854,21108,5492,1894,498,170,300490907,127431650,81067111,56695984,36056041,25051156,21108,127431650,7918,2494,2688,15382,964,695,653,420,192,623,28,44,477,103,73,39
"52","ERR599150","TARA_064_SRF","Marine","Mixed MG",99.1,29184222025,294467664,2022535,47110,7582,1472,132,6,1080002038,177872444,63744350,23097521,4544776,391946,47110,177872444,3797,2218,13408,38651,199,115,113,95,73,107,3,5,94,6,5,10
"53","ERR594382","TARA_065_DCM","Marine","Virome",97.5,2529211511,25929874,237472,10831,2986,1197,337,82,181667310,65906641,42852430,30566065,17508046,8712940,10831,65906641,8662,2482,1455,7861,761,510,456,321,199,471,23,16,307,83,99,17
"54","ERR599110","TARA_065_DCM","Marine","Mixed MG",97.5,12396272499,127163904,912492,21067,3191,563,33,1,490595072,77344881,25920574,8345821,1074142,78945,21067,77344881,3670,2211,6206,17384,89,63,56,47,37,60,3,0,54,1,5,3
"55","ERR594359","TARA_065_SRF","Marine","Virome",97.1,2699622970,27791690,249768,11471,2949,1031,264,60,179795018,60985652,35849031,22959356,11679119,4656602,11471,60985652,6416,2404,1995,8683,784,600,557,362,229,563,26,11,390,98,98,5
"56","ERR599146","TARA_065_SRF","Marine","Mixed MG",98.6,9841987382,99838286,878918,22651,3745,696,61,10,479486039,86560049,31512311,11239939,2399615,771967,22651,86560049,3889,2232,6432,18549,163,87,74,64,61,81,2,4,71,6,5,5
"57","ERR594389","TARA_066_DCM","Marine","Virome",97.2,5495991317,56535178,299557,17498,4754,1762,507,180,259522172,112997074,75285886,55006126,36510435,25415131,17498,112997074,9447,2530,1916,12450,1029,808,736,552,206,729,20,59,621,74,70,38
"58","ERR598982","TARA_066_DCM","Marine","Mixed MG",103.3,2374178251,22993470,396418,7251,761,154,16,0,207718916,24552893,6451053,2492635,500231,0,7251,24552893,3235,2160,2259,6070,42,21,20,17,18,19,1,1,17,3,0,1
"59","ERR594362","TARA_066_SRF","Marine","Virome",97.2,5041778329,51873764,278543,15303,4447,1803,545,219,249976798,112973928,80792310,62687714,43759956,32697289,15303,112973928,13218,2650,1263,10368,1003,700,659,534,197,627,28,45,472,96,99,29
"60","ERR599173","TARA_066_SRF","Marine","Mixed MG",98.3,7155216747,72819482,719992,22594,3713,729,75,9,419062959,86544052,31410617,11586089,2733162,518038,22594,86544052,3870,2236,6420,18498,110,76,71,52,53,70,1,5,65,4,1,6
"61","ERR594404","TARA_067_SRF","Marine","Virome",97.8,2758522111,28201526,127299,10811,3498,1377,349,94,136682382,72330794,50473805,35976872,20786526,12211525,10811,72330794,9903,2647,1396,7651,1352,991,980,672,334,921,49,21,694,141,131,12
"62","ERR599144","TARA_067_SRF","Marine","Mixed MG",103.8,3640140860,35071594,515770,16161,2952,713,85,9,304168528,65335903,27008660,12094317,3143953,691192,16161,65335903,4176,2250,4195,13076,220,59,58,54,31,56,3,0,37,6,15,0
"63","ERR594415","TARA_068_DCM","Marine","Virome",97.7,4777695224,48900142,247461,17349,4942,1763,387,68,221982012,94891973,57858003,36142284,15705788,5005988,17349,94891973,6790,2469,3147,13064,0,0,0,0,0,0,0,0,0,0,0,0
"64","ERR599017","TARA_068_DCM","Marine","Mixed MG",97.2,5043841692,51869290,473704,14719,2654,497,30,4,275361721,57171975,21769711,7368216,998798,220529,14719,57171975,4014,2251,4183,12021,0,0,0,0,0,0,0,0,0,0,0,0
"65","ERR594391","TARA_068_SRF","Marine","Virome",97,5728866531,59078192,288544,23258,6725,2370,540,156,287815372,141305681,91580285,61963601,34799473,21671530,23258,141305681,7922,2550,3351,16978,1349,948,921,696,281,871,34,43,702,119,88,33
"66","ERR599174","TARA_068_SRF","Marine","Mixed MG",96.8,5231100786,54025180,502571,15840,2950,606,35,6,297342474,62394895,24864554,9165139,1320553,441360,15840,62394895,4089,2242,4353,12893,31,13,12,13,2,12,0,1,3,0,3,7
"67","ERR594407","TARA_070_MES","Marine","Virome",96.2,5385681234,55986950,138855,9557,4062,1902,556,233,162895111,98385709,81439799,66378119,46075915,35001344,9557,98385709,21588,3470,691,5777,102,101,83,80,19,34,22,45,41,9,5,41
"68","ERR599044","TARA_070_MES","Marine","Mixed MG",98.3,22154461164,225479488,909285,29439,6834,2409,642,231,575157778,160781729,94512354,64422413,38304889,24136117,29439,160781729,6716,2388,4379,22064,142,136,109,119,21,56,28,52,45,9,9,70
"69","ERR594353","TARA_070_SRF","Marine","Virome",98,6111241194,62342562,330116,25209,7480,2841,727,220,320992550,153653183,100648547,69001313,37445436,20210553,25209,153653183,8294,2540,3704,18361,2020,1347,1318,937,394,1232,62,53,935,188,171,36
"70","ERR599165","TARA_070_SRF","Marine","Mixed MG",96.2,5359495119,55736308,652379,11565,2302,775,178,43,343043276,53449219,26860111,16577088,7721385,3188192,11565,53449219,5041,2278,2275,9057,78,39,35,36,14,28,4,7,18,6,4,11
"71","ERR594379","TARA_072_DCM","Marine","Virome",98.2,6830982140,69591080,307955,21652,5883,2144,532,127,275784648,118845484,71986393,46620190,22813342,8855051,21652,118845484,6800,2445,3718,16265,2078,1199,1184,844,402,1090,83,26,781,182,212,11
"72","ERR599133","TARA_072_DCM","Marine","Mixed MG",99,10597985076,107002808,1216694,35420,6866,1834,301,51,705204805,151228501,67776028,34044033,12069714,3731288,35420,151228501,4471,2278,8524,28326,529,402,395,305,167,389,5,8,354,16,14,17
"73","ERR594388","TARA_072_MES","Marine","Virome",96.4,12382055919,128447474,566989,29670,7895,2938,730,230,451407046,172296415,107873568,73913458,40957468,24009670,29670,172296415,7640,2459,4344,21868,1760,1265,1215,872,334,1133,84,48,852,169,167,49
"74","ERR599005","TARA_072_MES","Marine","Mixed MG",98.4,7688811899,78165270,711026,14924,2535,796,200,86,390407981,70549059,34894810,23224102,14413537,10580140,14924,70549059,4927,2277,2612,11613,98,62,55,61,5,35,7,20,29,3,5,24
"75","ERR594364","TARA_072_SRF","Marine","Virome",98,5172453997,52778402,293035,18599,4834,1683,463,147,253548074,105065191,64150052,42776485,24495452,13880376,18599,105065191,6995,2459,2857,13853,1139,819,767,525,213,776,23,20,606,108,81,16
"76","ERR598984","TARA_072_SRF","Marine","Mixed MG",98.7,18041802821,182885978,1490507,37375,5934,1337,196,53,823871148,146746490,55995901,25411220,9626228,4752902,37375,146746490,3937,2230,9884,30419,662,335,313,265,118,288,22,25,252,28,32,14
"77","ERR594355","TARA_076_DCM","Marine","Virome",98,7677594583,78311930,371324,26487,7794,2972,840,253,356689330,172094943,115916325,83129379,51472307,31261650,26487,172094943,9253,2595,3276,18892,1792,1285,1180,842,306,1123,80,82,907,179,144,44
"78","ERR599148","TARA_076_DCM","Marine","Mixed MG",97.5,12531596483,128546054,1283074,35942,8229,2223,397,111,741857565,169076908,86914739,46361846,20355431,10823181,35942,169076908,5170,2350,7762,28124,388,243,221,190,76,193,20,30,158,24,21,37
"79","ERR594354","TARA_076_SRF","Marine","Virome",97.6,7044584421,72202384,276838,20470,5991,2318,736,267,276501688,136043955,92729355,67704169,44173965,28013338,20470,136043955,9912,2598,2350,14476,1392,1108,1031,682,267,999,44,65,831,127,107,37
"80","ERR599126","TARA_076_SRF","Marine","Mixed MG",97.9,29929448507,305867322,1697370,11664,1702,303,18,0,689143051,42491903,13824484,4453883,540461,0,11664,42491903,3635,2204,3463,9637,57,39,38,35,18,35,3,1,23,7,2,7
"81","ERR594411","TARA_078_SRF","Marine","Virome",96.5,4776891507,49513102,262123,15805,4640,1798,494,161,229296515,99724959,66413648,46943015,27391547,16235350,15805,99724959,8966,2554,2109,11369,1144,768,741,514,217,711,29,28,508,113,119,17
"82","ERR599006","TARA_078_SRF","Marine","Mixed MG",97.6,28427624415,291245894,2212022,23991,3124,538,70,17,988966256,85994398,26781903,9800593,3360404,1706639,23991,85994398,3500,2183,7068,19867,175,86,86,68,40,80,4,2,66,10,8,2
"83","ERR594409","TARA_082_DCM","Marine","Virome",97.3,6460115313,66391298,142423,11650,2766,813,182,37,132690389,56161098,29769100,16630944,7588638,2628306,11650,56161098,5377,2380,2441,9071,736,583,574,367,175,548,34,1,407,82,78,6
"84","ERR599122","TARA_082_DCM","Marine","Mixed MG",97.8,28414078819,290606304,1244149,48502,12025,3877,666,151,827269418,239272397,131283883,75842360,28907867,11599756,48502,239272397,5701,2372,9842,37489,309,215,201,169,89,187,11,17,145,14,7,46
"85","ERR594377","TARA_085_DCM","Marine","Virome",97.3,6036127731,62041300,192222,15582,4557,1605,323,68,186236957,87545017,54421398,34259797,15160164,6598199,15582,87545017,7066,2506,2754,11664,881,736,728,442,219,676,34,26,619,50,35,26
"86","ERR599121","TARA_085_DCM","Marine","Mixed MG",97.1,28000372894,288401784,1141504,43198,7465,1912,320,70,732624179,177676605,74176892,36968914,14262058,5785871,43198,177676605,4176,2254,10685,34815,198,148,142,112,72,127,5,16,109,7,1,31
"87","ERR594380","TARA_109_DCM","Marine","Virome",93.4,90983786,973930,15811,223,30,5,0,0,7730868,790420,244729,83618,0,0,223,790420,3485,2156,67,185,0,0,0,0,0,0,0,0,0,0,0,0
"88","ERR599065","TARA_109_DCM","Marine","Mixed MG",98.7,11656012729,118120744,970057,31983,5989,1545,219,62,585422455,134496228,58643175,28885377,10159276,4956335,31983,134496228,4351,2272,7839,25666,0,0,0,0,0,0,0,0,0,0,0,0
"89","ERR594412","TARA_109_SRF","Marine","Virome",98.7,5969720678,60474498,349220,23347,6531,2515,651,196,320407418,143633903,93544195,66245712,38600176,23290729,23347,143633903,8509,2528,3121,16924,1886,1280,1256,843,368,1184,52,44,910,176,149,33
"90","ERR599118","TARA_109_SRF","Marine","Mixed MG",99.1,20198381333,203855086,1350861,43919,8712,2226,258,32,812679821,183239782,80644068,37107817,9303252,2073874,43919,183239782,4366,2271,11063,35313,329,160,155,135,52,150,2,8,118,14,9,17
"91","SRR8487035","B0H_L006_harvest","Soil","Virome",143.8,2991505945,20809892,294496,12449,3022,1104,288,36,211504531,64482545,36864368,23884834,11746279,2517362,12449,64482545,6213,2376,2190,9479,1094,892,746,671,306,663,223,6,572,150,101,47
"92","SRR8487026","B0H_L006_harvest","Soil","Mixed MG",129,4436633769,34391070,550704,1803,79,10,5,0,230508248,5201396,676464,245612,174415,0,1803,5201396,2687,2087,653,1549,9,6,5,5,2,4,2,0,2,0,2,0
"93","SRR8487010","B0H_L006_pre-planting","Soil","Virome",149.5,2458758295,16443562,517040,12875,2916,1068,300,43,298231735,64988915,35966312,23456806,12148825,2884951,12875,64988915,5920,2348,2277,9871,1057,805,673,609,278,599,199,7,494,146,82,42
"94","SRR8487024","B0H_L006_pre-planting","Soil","Mixed MG",148.8,805081303,5409504,200794,10,0,0,0,0,68583756,24634,0,0,0,0,10,24634,2315,2120,5,9,0,0,0,0,0,0,0,0,0,0,0,0
"95","SRR8487036","B0L_L006_harvest","Soil","Virome",136.2,2116897834,15537788,186805,8124,1930,709,160,27,133081313,41020384,22900122,14510917,6472081,1727266,8124,41020384,5990,2360,1492,6232,703,557,428,417,192,423,132,2,358,84,62,36
"96","SRR8487027","B0L_L006_harvest","Soil","Mixed MG",132.7,4653717559,35079628,653885,1508,22,4,1,0,272316920,3970552,194015,85874,40743,0,1508,3970552,2485,2067,606,1313,4,3,2,3,1,3,0,0,1,2,0,0
"97","SRR8487011","B0L_L006_pre-planting","Soil","Virome",149.3,2193859565,14697092,460174,10748,2346,855,222,50,256870971,52687252,28345424,18272445,9110956,3116764,10748,52687252,5566,2326,1968,8299,847,724,607,559,240,550,172,2,467,125,59,49
"98","SRR8487025","B0L_L006_pre-planting","Soil","Mixed MG",148.8,907411955,6097410,268524,23,4,1,0,0,91859353,80678,32314,11714,0,0,23,80678,3636,2079,6,20,0,0,0,0,0,0,0,0,0,0,0,0
"99","SRR8487015","B2R2H_L006_harvest","Soil","Virome",121.9,857219203,7030086,74956,1982,434,152,43,6,45239412,9664629,5199226,3288968,1708595,432017,1982,9664629,5641,2310,365,1531,151,90,73,75,39,72,18,0,42,23,18,4
"100","SRR8487030","B2R2H_L006_harvest","Soil","Mixed MG",131.4,5141583142,39131696,708621,2258,94,7,0,0,298620701,6385360,635822,83514,0,0,2258,6385360,2681,2087,855,1946,0,0,0,0,0,0,0,0,0,0,0,0
"101","SRR8487017","B2R2H_L006_pre-planting","Soil","Virome",147.4,2822836655,19156360,498523,14124,3102,1121,291,62,304349232,69310363,37400331,24125887,12175311,3924826,14124,69310363,5612,2327,2583,10902,1113,852,714,644,297,631,210,11,535,143,86,47
"102","SRR8487028","B2R2H_L006_pre-planting","Soil","Mixed MG",148.2,1093020639,7376112,303215,80,0,0,0,0,108475493,189005,0,0,0,0,80,189005,2296,2032,36,71,0,0,0,0,0,0,0,0,0,0,0,0
"103","SRR8487014","B2R2L_L006_harvest","Soil","Virome",140.5,2456618736,17483318,244343,10151,2425,847,208,33,173192273,50980297,28286895,17648431,8253845,2018185,10151,50980297,5814,2361,1905,7799,835,630,492,493,210,475,149,6,394,104,80,34
"104","SRR8487031","B2R2L_L006_harvest","Soil","Mixed MG",130,3089569453,23769820,428013,616,27,10,3,2,176505165,1894693,410108,296639,156828,110057,616,1894693,2671,2070,193,523,10,6,5,6,1,5,1,0,2,1,2,1
"105","SRR8487016","B2R2L_L006_pre-planting","Soil","Virome",149.9,2803310564,18702634,533831,14388,3126,1072,267,56,317552602,69809624,37085568,23154990,11489928,3904735,14388,69809624,5481,2324,2709,11147,1056,809,663,641,257,631,177,1,481,147,93,60
"106","SRR8487029","B2R2L_L006_pre-planting","Soil","Mixed MG",148.6,845786310,5692398,253965,43,3,2,1,0,87433695,151037,56976,50725,29387,0,43,151037,2736,2049,9,36,0,0,0,0,0,0,0,0,0,0,0,0
"107","SRR8487018","B3R2H_L006_harvest","Soil","Virome",142.9,3452589863,24168076,305114,14154,3446,1212,290,46,224329758,72057575,40450833,25275309,11619425,2828727,14154,72057575,5990,2373,2639,10835,1202,1014,838,719,355,764,243,7,673,151,102,61
"108","SRR8487039","B3R2H_L006_harvest","Soil","Mixed MG",131.3,4838295576,36851150,719568,4610,174,12,3,0,329786521,13079807,1250043,233259,118023,0,4610,13079807,2688,2100,1744,3972,10,6,6,6,1,3,3,0,2,3,0,0
"109","SRR8487020","B3R2H_L006_pre-planting","Soil","Virome",148.9,2743297694,18429292,510842,13420,2755,888,211,37,301586518,62250698,31236975,18629355,8823794,2501855,13420,62250698,5030,2299,2733,10513,882,699,570,544,227,556,139,4,456,103,74,40
"110","SRR8487032","B3R2H_L006_pre-planting","Soil","Mixed MG",148.6,962321180,6475488,310083,78,5,1,0,0,110338248,218651,39768,12561,0,0,78,218651,2490,2082,29,68,0,0,0,0,0,0,0,0,0,0,0,0
"111","SRR8487021","B3R2L_L006_harvest","Soil","Virome",139.1,2981373594,21438784,252022,10429,2546,883,218,37,177817445,53220276,30076417,18738644,8918580,2370827,10429,53220276,6050,2371,1913,7980,871,703,570,527,238,528,173,2,439,123,71,48
"112","SRR8487040","B3R2L_L006_harvest","Soil","Mixed MG",130.1,3745792394,28781472,483499,626,30,11,2,0,196468176,1799795,310830,184777,65854,0,626,1799795,2604,2076,224,538,11,6,5,6,2,5,1,0,1,4,1,0
"113","SRR8487034","B8R2H_L006_harvest","Soil","Virome",135.3,2582852582,19087484,213642,8650,2115,726,170,34,146792560,43983922,24605297,15173025,7083239,2144526,8650,43983922,5891,2388,1634,6628,723,584,454,453,205,459,123,2,384,93,61,31
"114","SRR8487012","B8R2H_L006_harvest","Soil","Mixed MG",132,4871626908,36905406,728391,3747,209,30,2,0,319744237,11043078,1607713,486437,71734,0,3747,11043078,2784,2104,1351,3209,19,7,6,6,1,5,2,0,4,0,2,1
"115","SRR8487022","B8R2H_L006_pre-planting","Soil","Virome",149.8,3009703747,20085462,522873,15371,3414,1193,327,55,324214695,76005637,41193190,26206961,13563165,3511335,15371,76005637,5619,2341,2813,11848,1163,964,812,739,302,714,243,7,603,161,97,59
"116","SRR8487037","B8R2H_L006_pre-planting","Soil","Mixed MG",148.7,904180793,6079778,247727,92,4,0,0,0,89223069,246743,34295,0,0,0,92,246743,2398,2077,36,80,0,0,0,0,0,0,0,0,0,0,0,0
"117","SRR8487023","B8R2L_L006_harvest","Soil","Virome",143.3,2799856143,19538984,272576,11179,2744,985,244,42,192835831,56938867,32347955,20407041,9722276,2680351,11179,56938867,6069,2367,2039,8553,975,818,643,605,276,636,173,9,548,119,80,50
"118","SRR8487013","B8R2L_L006_harvest","Soil","Mixed MG",135.9,3984243526,29312302,634580,2381,201,10,1,0,270726224,7348186,1390922,143810,40298,0,2381,7348186,2963,2130,828,2025,4,3,2,3,1,1,2,0,1,0,0,1
"119","SRR8487019","B8R2L_L006_pre-planting","Soil","Virome",149.9,2609385311,17407778,484287,14476,3175,1113,294,56,298661458,71430730,38594096,24697367,12621039,3843881,14476,71430730,5649,2324,2632,11158,1100,882,725,666,289,679,199,4,571,137,97,42
"120","SRR8487038","B8R2L_L006_pre-planting","Soil","Mixed MG",148.6,1190293359,8011630,344549,153,6,0,0,0,126716281,403866,35330,0,0,0,153,403866,2463,2076,62,134,0,0,0,0,0,0,0,0,0,0,0,0
